INFO: Using device cuda
INFO: Starting training for client 0 in epoch 1
INFO: Client 0 Validation loss: 0.014369845521032402, Validation accuracy: 0.974765625
INFO: Starting training for client 1 in epoch 1
INFO: Client 1 Validation loss: 1.196876997974786, Validation accuracy: 0.9527698863636364
INFO: Starting training for client 2 in epoch 1
INFO: Client 2 Validation loss: 0.0010246200711098309, Validation accuracy: 0.9956492456896552
INFO: Starting training for client 3 in epoch 1
INFO: Client 3 Validation loss: 0.06540760033143063, Validation accuracy: 0.6725260416666666
INFO: Starting training for client 4 in epoch 1
INFO: Client 4 Validation loss: 0.0022210126719766155, Validation accuracy: 0.9694234913793104
INFO: Starting training for client 5 in epoch 1
INFO: Client 5 Validation loss: 0.07282502576708794, Validation accuracy: 0.013671875
INFO: Starting training for client 6 in epoch 1
INFO: Client 6 Validation loss: 0.08561072318116203, Validation accuracy: 0.625
INFO: Starting training for client 7 in epoch 1
INFO: Client 7 Validation loss: 0.27391671922821575, Validation accuracy: 0.9495442708333334
INFO: Starting training for client 8 in epoch 1
INFO: Client 8 Validation loss: 0.05021190084517002, Validation accuracy: 0.90087890625
INFO: Starting training for client 9 in epoch 1
INFO: Client 9 Validation loss: 1.3207576009444892, Validation accuracy: 0.646484375
INFO: Starting training for client 10 in epoch 1
INFO: Client 10 Validation loss: 0.0014845688672711077, Validation accuracy: 0.9404296875
INFO: Starting training for client 11 in epoch 1
INFO: Client 11 Validation loss: 0.0008234294776159984, Validation accuracy: 0.9871694711538461
INFO: Starting training for client 12 in epoch 1
INFO: Client 12 Validation loss: 82.17860076078672, Validation accuracy: 0.9986979166666666
INFO: Starting training for client 13 in epoch 1
INFO: Client 13 Validation loss: 1.7734899460338056, Validation accuracy: 0.890625
INFO: Starting training for client 14 in epoch 1
INFO: Client 14 Validation loss: 0.05134060978889465, Validation accuracy: 0.7317708333333334
INFO: Starting training for client 15 in epoch 1
INFO: Client 15 Validation loss: 0.013896181047047403, Validation accuracy: 0.974609375
INFO: Starting training for client 16 in epoch 1
INFO: Client 16 Validation loss: 0.9716765256598592, Validation accuracy: 0.603515625
INFO: Starting training for client 17 in epoch 1
INFO: Client 17 Validation loss: 0.737147580832243, Validation accuracy: 0.41015625
INFO: Starting training for client 18 in epoch 1
INFO: Client 18 Validation loss: 0.002003595232963562, Validation accuracy: 0.88037109375
INFO: Starting training for client 19 in epoch 1
INFO: Client 19 Validation loss: 0.0, Validation accuracy: 0.9850852272727273
INFO: Starting training for client 20 in epoch 1
INFO: Client 20 Validation loss: 0.041201423218808486, Validation accuracy: 0.91552734375
INFO: Starting training for client 21 in epoch 1
INFO: Client 21 Validation loss: 0.11128794624710281, Validation accuracy: 0.9559326171875
INFO: Starting training for client 22 in epoch 1
INFO: Client 22 Validation loss: 3.9964583301355106e-05, Validation accuracy: 0.685546875
INFO: Starting training for client 23 in epoch 1
INFO: Client 23 Validation loss: 0.07078286551404744, Validation accuracy: 0.9990234375
INFO: Starting training for client 24 in epoch 1
INFO: Client 24 Validation loss: 0.0, Validation accuracy: 0.80517578125
INFO: Starting training for client 25 in epoch 1
INFO: Client 25 Validation loss: 0.10728143337182701, Validation accuracy: 0.972265625
INFO: Starting training for client 26 in epoch 1
INFO: Client 26 Validation loss: 0.0, Validation accuracy: 0.9935661764705882
INFO: Starting training for client 27 in epoch 1
INFO: Client 27 Validation loss: 0.13168667087198355, Validation accuracy: 0.9620535714285714
INFO: Starting training for client 28 in epoch 1
INFO: Client 28 Validation loss: 0.0, Validation accuracy: 0.9905598958333334
INFO: Starting training for client 29 in epoch 1
INFO: Client 29 Validation loss: 0.0019304861562175022, Validation accuracy: 0.9877717391304348
INFO: Starting training for client 30 in epoch 1
INFO: Client 30 Validation loss: 0.024533403373030123, Validation accuracy: 0.9889322916666666
INFO: Starting training for client 31 in epoch 1
INFO: Client 31 Validation loss: 0.006293015862512118, Validation accuracy: 0.9939831149193549
INFO: Starting training for client 32 in epoch 1
INFO: Client 32 Validation loss: 0.0025175141924013256, Validation accuracy: 0.9103338068181818
INFO: Starting training for client 33 in epoch 1
INFO: Client 33 Validation loss: 3194.090006351471, Validation accuracy: 0.81640625
INFO: Starting training for client 34 in epoch 1
INFO: Client 34 Validation loss: 1.0233436550902143e-05, Validation accuracy: 0.96123046875
INFO: Starting training for client 35 in epoch 1
INFO: Client 35 Validation loss: 0.03577883797697723, Validation accuracy: 0.150390625
INFO: Starting training for client 36 in epoch 1
INFO: Client 36 Validation loss: 67.5123805337519, Validation accuracy: 0.9398716517857143
INFO: Starting training for client 37 in epoch 1
INFO: Client 37 Validation loss: 5.021255690271828, Validation accuracy: 0.9933500744047619
INFO: Starting training for client 38 in epoch 1
INFO: Client 38 Validation loss: 0.002851079425678701, Validation accuracy: 0.9243861607142857
INFO: Starting training for client 39 in epoch 1
INFO: Client 39 Validation loss: 0.015143102509750862, Validation accuracy: 0.944921875
INFO: Starting training for client 40 in epoch 1
INFO: Client 40 Validation loss: 22.91758030557321, Validation accuracy: 0.93359375
INFO: Starting training for client 41 in epoch 1
INFO: Client 41 Validation loss: 5.797564436892678e-06, Validation accuracy: 0.9970259232954546
INFO: Starting training for client 42 in epoch 1
INFO: Client 42 Validation loss: 0.0, Validation accuracy: 0.9362980769230769
INFO: Starting training for client 43 in epoch 1
INFO: Client 43 Validation loss: 0.0, Validation accuracy: 0.9696800595238095
INFO: Starting training for client 44 in epoch 1
INFO: Client 44 Validation loss: 0.0, Validation accuracy: 0.9962975543478261
INFO: Starting training for client 45 in epoch 1
INFO: Client 45 Validation loss: 1.5230232495814562, Validation accuracy: 0.29296875
INFO: Starting training for client 46 in epoch 1
INFO: Client 46 Validation loss: 0.46474235967018884, Validation accuracy: 0.8791852678571429
INFO: Starting training for client 47 in epoch 1
INFO: Client 47 Validation loss: 0.012336968003134979, Validation accuracy: 0.96875
INFO: Starting training for client 48 in epoch 1
INFO: Client 48 Validation loss: 0.01916710701698174, Validation accuracy: 0.8713727678571429
INFO: Starting training for client 49 in epoch 1
INFO: Client 49 Validation loss: 0.0006721953330384167, Validation accuracy: 0.861328125
INFO: Starting training for client 50 in epoch 1
INFO: Client 50 Validation loss: 59.990973358038715, Validation accuracy: 0.9980817522321429
INFO: Starting training for client 51 in epoch 1
INFO: Client 51 Validation loss: 0.0005235367574871491, Validation accuracy: 0.9424402573529411
INFO: Starting training for client 52 in epoch 1
INFO: Client 52 Validation loss: 1.50280321520313e-09, Validation accuracy: 0.9675958806818182
INFO: Starting training for client 53 in epoch 1
INFO: Client 53 Validation loss: 0.004454378315193081, Validation accuracy: 0.9210069444444444
INFO: Starting training for client 54 in epoch 1
INFO: Client 54 Validation loss: 0.046174490304110805, Validation accuracy: 0.916015625
INFO: Starting training for client 55 in epoch 1
INFO: Client 55 Validation loss: 0.003588007562516594, Validation accuracy: 0.9907304067460317
INFO: Starting training for client 56 in epoch 1
INFO: Client 56 Validation loss: 0.07034638811261484, Validation accuracy: 0.986968493852459
INFO: Starting training for client 57 in epoch 1
INFO: Client 57 Validation loss: 0.026726117388539212, Validation accuracy: 0.9153645833333334
INFO: Starting training for client 58 in epoch 1
INFO: Client 58 Validation loss: 0.0016684448735536628, Validation accuracy: 0.9998405612244898
INFO: Starting training for client 59 in epoch 1
INFO: Client 59 Validation loss: 2.6993455000646304e-07, Validation accuracy: 0.9809857536764706
INFO: Starting training for client 60 in epoch 1
INFO: Client 60 Validation loss: 0.014286647986764933, Validation accuracy: 0.9921875
INFO: Starting training for client 61 in epoch 1
INFO: Client 61 Validation loss: 0.5032713922749122, Validation accuracy: 0.9117838541666666
INFO: Starting training for client 62 in epoch 1
INFO: Client 62 Validation loss: 112.41660787425936, Validation accuracy: 0.9734375
INFO: Starting training for client 63 in epoch 1
INFO: Client 63 Validation loss: 0.0014014438075453958, Validation accuracy: 0.9767578125
INFO: Starting training for client 64 in epoch 1
INFO: Client 64 Validation loss: 1.4485124965170194e-06, Validation accuracy: 0.9322916666666666
INFO: Starting training for client 65 in epoch 1
INFO: Client 65 Validation loss: 0.027810891876419594, Validation accuracy: 0.9518229166666666
INFO: Starting training for client 66 in epoch 1
INFO: Client 66 Validation loss: 0.0, Validation accuracy: 0.906640625
INFO: Starting training for client 67 in epoch 1
INFO: Client 67 Validation loss: 0.06952638639175662, Validation accuracy: 0.9424479166666667
INFO: Starting training for client 68 in epoch 1
INFO: Client 68 Validation loss: 0.2427855134010315, Validation accuracy: 0.01953125
INFO: Starting training for client 69 in epoch 1
INFO: Client 69 Validation loss: 0.0022421954853108707, Validation accuracy: 0.953125
INFO: Starting training for client 70 in epoch 1
INFO: Client 70 Validation loss: 196.91860044002533, Validation accuracy: 0.4404296875
INFO: Starting training for client 71 in epoch 1
INFO: Client 71 Validation loss: 1.9188270999118686, Validation accuracy: 0.875390625
INFO: Starting training for client 72 in epoch 1
INFO: Client 72 Validation loss: 0.26352074863736163, Validation accuracy: 0.9713541666666666
INFO: Starting training for client 73 in epoch 1
INFO: Client 73 Validation loss: 1.0713585011661053, Validation accuracy: 0.794921875
INFO: Starting training for client 74 in epoch 1
INFO: Client 74 Validation loss: 0.05234462508815341, Validation accuracy: 0.9203559027777778
INFO: Starting training for client 75 in epoch 1
INFO: Client 75 Validation loss: 0.0006989244326569555, Validation accuracy: 0.9690020161290323
INFO: Starting training for client 76 in epoch 1
INFO: Client 76 Validation loss: 573.2804370701596, Validation accuracy: 0.939453125
INFO: Starting training for client 77 in epoch 1
INFO: Client 77 Validation loss: 0.0041903893323014235, Validation accuracy: 0.9927314082278481
INFO: Starting training for client 78 in epoch 1
INFO: Client 78 Validation loss: 2.4711132142692804, Validation accuracy: 0.17578125
INFO: Starting training for client 79 in epoch 1
INFO: Client 79 Validation loss: 1.4680054608686826e-08, Validation accuracy: 0.9672080592105263
INFO: Starting training for client 80 in epoch 1
INFO: Client 80 Validation loss: 0.0, Validation accuracy: 0.9205078125
INFO: Starting training for client 81 in epoch 1
INFO: Client 81 Validation loss: 0.08510139751696873, Validation accuracy: 0.9851973684210527
INFO: Starting training for client 82 in epoch 1
INFO: Client 82 Validation loss: 7.537236578584025e-06, Validation accuracy: 0.9391741071428571
INFO: Starting training for client 83 in epoch 1
INFO: Client 83 Validation loss: 0.05375314048471348, Validation accuracy: 0.993195564516129
INFO: Starting training for client 84 in epoch 1
INFO: Client 84 Validation loss: 0.0020857886145119802, Validation accuracy: 0.9500868055555556
INFO: Starting training for client 85 in epoch 1
INFO: Client 85 Validation loss: 0.05286321035940089, Validation accuracy: 0.905517578125
INFO: Starting training for client 86 in epoch 1
INFO: Client 86 Validation loss: 0.0022605046888202196, Validation accuracy: 0.51953125
INFO: Starting training for client 87 in epoch 1
INFO: Client 87 Validation loss: 0.0005910864958661002, Validation accuracy: 0.9987362132352942
INFO: Starting training for client 88 in epoch 1
INFO: Client 88 Validation loss: 7.761020992536061e-11, Validation accuracy: 0.9993489583333334
INFO: Starting training for client 89 in epoch 1
INFO: Client 89 Validation loss: 0.02050603198222234, Validation accuracy: 0.9271763392857143
INFO: Starting training for client 90 in epoch 1
INFO: Client 90 Validation loss: 0.008534218041209638, Validation accuracy: 0.9944196428571429
INFO: Starting training for client 91 in epoch 1
INFO: Client 91 Validation loss: 0.4553985467646271, Validation accuracy: 0.37890625
INFO: Starting training for client 92 in epoch 1
INFO: Client 92 Validation loss: 0.011772156210052986, Validation accuracy: 0.982177734375
INFO: Starting training for client 93 in epoch 1
INFO: Client 93 Validation loss: 0.0, Validation accuracy: 0.9302455357142857
INFO: Starting training for client 94 in epoch 1
INFO: Client 94 Validation loss: 0.0, Validation accuracy: 0.9892578125
INFO: Starting training for client 95 in epoch 1
INFO: Client 95 Validation loss: 0.00019173303684061197, Validation accuracy: 0.991859243697479
INFO: Starting training for client 96 in epoch 1
INFO: Client 96 Validation loss: 0.0006123147113435136, Validation accuracy: 0.9965672348484849
INFO: Starting training for client 97 in epoch 1
INFO: Client 97 Validation loss: 0.3420636901864782, Validation accuracy: 0.880859375
INFO: Starting training for client 98 in epoch 1
INFO: Client 98 Validation loss: 0.011889971739527447, Validation accuracy: 0.9459134615384616
INFO: Starting training for client 99 in epoch 1
INFO: Client 99 Validation loss: 0.017669059941727027, Validation accuracy: 0.9880859375
INFO: Global model test loss after epoch 1: 5.8331600707113545, test accuracy: 0.7914982753294892
INFO: Client 0 model test loss after epoch 1: 117.4967908755502, test accuracy: 0.9151339837314663
INFO: Client 1 model test loss after epoch 1: 324.7925424052338, test accuracy: 0.8128603789126854
INFO: Client 2 model test loss after epoch 1: 464.46895010709454, test accuracy: 0.8990939044481054
INFO: Client 3 model test loss after epoch 1: 143.7393748379317, test accuracy: 0.5633816412685337
INFO: Client 4 model test loss after epoch 1: 469.17346497695155, test accuracy: 0.7508591175864909
INFO: Client 5 model test loss after epoch 1: 68.50327386196517, test accuracy: 0.7395908412273476
INFO: Client 6 model test loss after epoch 1: 60.05852947756648, test accuracy: 0.19813439559308071
INFO: Client 7 model test loss after epoch 1: 235.2658391326757, test accuracy: 0.7244259678747941
INFO: Client 8 model test loss after epoch 1: 213.28432372017568, test accuracy: 0.8030304005354201
INFO: Client 9 model test loss after epoch 1: 36.73814397955398, test accuracy: 0.64453125
INFO: Client 10 model test loss after epoch 1: 430.3501738851408, test accuracy: 0.5736974876441515
INFO: Client 11 model test loss after epoch 1: 7.62143815199138, test accuracy: 0.8892478377265239
INFO: Client 12 model test loss after epoch 1: 91.47096293287142, test accuracy: 0.9061373815897859
INFO: Client 13 model test loss after epoch 1: 92.58012874349748, test accuracy: 0.8128185492174629
INFO: Client 14 model test loss after epoch 1: 62.71336859861673, test accuracy: 0.7803200936985173
INFO: Client 15 model test loss after epoch 1: 55.21751892679872, test accuracy: 0.6740694501647446
INFO: Client 16 model test loss after epoch 1: 20.695047781696143, test accuracy: 0.9072539126853377
INFO: Client 17 model test loss after epoch 1: 132.68550196118173, test accuracy: 0.14784866659802307
INFO: Client 18 model test loss after epoch 1: 300.9859358113146, test accuracy: 0.7976440228583196
INFO: Client 19 model test loss after epoch 1: 370.7395859076148, test accuracy: 0.9218621293245469
INFO: Client 20 model test loss after epoch 1: 37.75479801373391, test accuracy: 0.6281983628500823
INFO: Client 21 model test loss after epoch 1: 47.15592551103356, test accuracy: 0.9052686109967051
INFO: Client 22 model test loss after epoch 1: 38.594465720934785, test accuracy: 0.7816811676276771
INFO: Client 23 model test loss after epoch 1: 470.7113861951372, test accuracy: 0.7727971838962109
INFO: Client 24 model test loss after epoch 1: 422.2706000849793, test accuracy: 0.8644621344728172
INFO: Client 25 model test loss after epoch 1: 182.79660505055475, test accuracy: 0.8371634318369028
INFO: Client 26 model test loss after epoch 1: 390.69334208082944, test accuracy: 0.7343814353377265
INFO: Client 27 model test loss after epoch 1: 716.4833248478596, test accuracy: 0.8925845603377265
INFO: Client 28 model test loss after epoch 1: 679.7096880078623, test accuracy: 0.8128668142504119
INFO: Client 29 model test loss after epoch 1: 128.54752751624125, test accuracy: 0.9028585770181219
INFO: Client 30 model test loss after epoch 1: 64.0709099972742, test accuracy: 0.8397311315897859
INFO: Client 31 model test loss after epoch 1: 26.60585894782192, test accuracy: 0.6266152697693574
INFO: Client 32 model test loss after epoch 1: 298.98180511031035, test accuracy: 0.6065434514003295
INFO: Client 33 model test loss after epoch 1: 260.1386544448207, test accuracy: 0.7107058278418451
INFO: Client 34 model test loss after epoch 1: 595.1704302978337, test accuracy: 0.6168914744645799
INFO: Client 35 model test loss after epoch 1: 71.96847243910257, test accuracy: 0.19442120572487645
INFO: Client 36 model test loss after epoch 1: 56.708676330946524, test accuracy: 0.634421334431631
INFO: Client 37 model test loss after epoch 1: 50.66803674579213, test accuracy: 0.7414796128500823
INFO: Client 38 model test loss after epoch 1: 31.989012891442865, test accuracy: 0.7158380096787479
INFO: Client 39 model test loss after epoch 1: 38.51839303317477, test accuracy: 0.19442120572487645
INFO: Client 40 model test loss after epoch 1: 33.59551850564696, test accuracy: 0.5438696972817133
INFO: Client 41 model test loss after epoch 1: 603.3673147975627, test accuracy: 0.6213769048599671
INFO: Client 42 model test loss after epoch 1: 327.39065276282645, test accuracy: 0.7269582732701813
INFO: Client 43 model test loss after epoch 1: 417.2833224081435, test accuracy: 0.6214702172570017
INFO: Client 44 model test loss after epoch 1: 28.160142939386777, test accuracy: 0.648106080107084
INFO: Client 45 model test loss after epoch 1: 24.03687358187083, test accuracy: 0.15931643842668863
INFO: Client 46 model test loss after epoch 1: 1459.9459729401979, test accuracy: 0.19836606775123558
INFO: Client 47 model test loss after epoch 1: 110.1117281641683, test accuracy: 0.7395908412273476
INFO: Client 48 model test loss after epoch 1: 102.82710092302821, test accuracy: 0.6211098383443163
INFO: Client 49 model test loss after epoch 1: 139.57586860571502, test accuracy: 0.6207880714579901
INFO: Client 50 model test loss after epoch 1: 221.74401822773046, test accuracy: 0.6203343801482701
INFO: Client 51 model test loss after epoch 1: 201.3962864449325, test accuracy: 0.6214798702635914
INFO: Client 52 model test loss after epoch 1: 1595.3064464386978, test accuracy: 0.7392787273476112
INFO: Client 53 model test loss after epoch 1: 692.5598460330466, test accuracy: 0.6365289075370676
INFO: Client 54 model test loss after epoch 1: 141.80404811728965, test accuracy: 0.8840963498764415
INFO: Client 55 model test loss after epoch 1: 340.49007758985556, test accuracy: 0.8648225133855024
INFO: Client 56 model test loss after epoch 1: 186.18700380748416, test accuracy: 0.6220493976523888
INFO: Client 57 model test loss after epoch 1: 96.85219115007926, test accuracy: 0.6174963962108732
INFO: Client 58 model test loss after epoch 1: 157.3432114042305, test accuracy: 0.580753835461285
INFO: Client 59 model test loss after epoch 1: 107.68966869016866, test accuracy: 0.7161308175453048
INFO: Client 60 model test loss after epoch 1: 17.600417807090125, test accuracy: 0.7607920613673805
INFO: Client 61 model test loss after epoch 1: 28.611804058876498, test accuracy: 0.736402131383855
INFO: Client 62 model test loss after epoch 1: 38.60808895267707, test accuracy: 0.7016931373558485
INFO: Client 63 model test loss after epoch 1: 168.1265880899214, test accuracy: 0.44705647652388797
INFO: Client 64 model test loss after epoch 1: 810.7573289124075, test accuracy: 0.6205306579489291
INFO: Client 65 model test loss after epoch 1: 141.71772865087257, test accuracy: 0.6171939353377265
INFO: Client 66 model test loss after epoch 1: 2401.725208167189, test accuracy: 0.5622554571663921
INFO: Client 67 model test loss after epoch 1: 118.8057279829224, test accuracy: 0.6726890702224053
INFO: Client 68 model test loss after epoch 1: 56.5612311864999, test accuracy: 0.01340480848434926
INFO: Client 69 model test loss after epoch 1: 460.2639947550874, test accuracy: 0.62935994130972
INFO: Client 70 model test loss after epoch 1: 54.728215522476496, test accuracy: 0.562709148476112
INFO: Client 71 model test loss after epoch 1: 922.0153501874232, test accuracy: 0.19671862129324547
INFO: Client 72 model test loss after epoch 1: 143.14218851481593, test accuracy: 0.614828948723229
INFO: Client 73 model test loss after epoch 1: 471.736146208694, test accuracy: 0.6738216896622735
INFO: Client 74 model test loss after epoch 1: 874.5693143839148, test accuracy: 0.7975667988056013
INFO: Client 75 model test loss after epoch 1: 98.6112254358103, test accuracy: 0.8161102244645799
INFO: Client 76 model test loss after epoch 1: 105.13117220172425, test accuracy: 0.5409448362850082
INFO: Client 77 model test loss after epoch 1: 63.464948930435966, test accuracy: 0.918522189044481
INFO: Client 78 model test loss after epoch 1: 195.2732733570567, test accuracy: 0.01340480848434926
INFO: Client 79 model test loss after epoch 1: 674.7907980880846, test accuracy: 0.7711336490939045
INFO: Client 80 model test loss after epoch 1: 1569.6508414249827, test accuracy: 0.5544686985172982
INFO: Client 81 model test loss after epoch 1: 65.18541717123955, test accuracy: 0.3687802460873147
INFO: Client 82 model test loss after epoch 1: 2026.8506710254605, test accuracy: 0.3795594367792422
INFO: Client 83 model test loss after epoch 1: 2159.0478292169605, test accuracy: 0.5535194862026359
INFO: Client 84 model test loss after epoch 1: 228.0116116989819, test accuracy: 0.5510290105024712
INFO: Client 85 model test loss after epoch 1: 397.89231433322607, test accuracy: 0.3004659184514003
INFO: Client 86 model test loss after epoch 1: 124.87120091095505, test accuracy: 0.2277723434925865
INFO: Client 87 model test loss after epoch 1: 24.62094309347202, test accuracy: 0.7917975185337727
INFO: Client 88 model test loss after epoch 1: 48.68717132872297, test accuracy: 0.6257111048187809
INFO: Client 89 model test loss after epoch 1: 37.708242602844436, test accuracy: 0.6209682609143328
INFO: Client 90 model test loss after epoch 1: 49.37759418515168, test accuracy: 0.37513835976112025
INFO: Client 91 model test loss after epoch 1: 40.35901421537589, test accuracy: 0.7845706342668863
INFO: Client 92 model test loss after epoch 1: 113.03993722500593, test accuracy: 0.615186109967051
INFO: Client 93 model test loss after epoch 1: 1616.4514449453825, test accuracy: 0.19442120572487645
INFO: Client 94 model test loss after epoch 1: 3139.4455434773517, test accuracy: 0.6408920665156508
INFO: Client 95 model test loss after epoch 1: 50.0680397786275, test accuracy: 0.6061541134678748
INFO: Client 96 model test loss after epoch 1: 107.31256268454779, test accuracy: 0.7987219419275123
INFO: Client 97 model test loss after epoch 1: 101.43646607505038, test accuracy: 0.013929288509060956
INFO: Client 98 model test loss after epoch 1: 36.63455753725619, test accuracy: 0.3643881280889621
INFO: Client 99 model test loss after epoch 1: 192.4093410255311, test accuracy: 0.842926276771005
INFO: Global model checkpoint for epoch 1 saved!
INFO: Starting training for client 0 in epoch 2
INFO: Client 0 Validation loss: 0.023404747919716442, Validation accuracy: 0.97515625
INFO: Starting training for client 1 in epoch 2
INFO: Client 1 Validation loss: 8.878291552717036, Validation accuracy: 0.9520596590909091
INFO: Starting training for client 2 in epoch 2
INFO: Client 2 Validation loss: 0.0017807581526154508, Validation accuracy: 0.9956627155172414
INFO: Starting training for client 3 in epoch 2
INFO: Client 3 Validation loss: 0.05390611438391107, Validation accuracy: 0.6725260416666666
INFO: Starting training for client 4 in epoch 2
INFO: Client 4 Validation loss: 0.0069666184253568755, Validation accuracy: 0.9695581896551724
INFO: Starting training for client 5 in epoch 2
INFO: Client 5 Validation loss: 0.05984768969938159, Validation accuracy: 0.0625
INFO: Starting training for client 6 in epoch 2
INFO: Client 6 Validation loss: 0.040641766098815424, Validation accuracy: 0.6298828125
INFO: Starting training for client 7 in epoch 2
INFO: Client 7 Validation loss: 0.15184840372239705, Validation accuracy: 0.94921875
INFO: Starting training for client 8 in epoch 2
INFO: Client 8 Validation loss: 0.0028923978388775123, Validation accuracy: 0.901123046875
INFO: Starting training for client 9 in epoch 2
INFO: Client 9 Validation loss: 2473.5517721176147, Validation accuracy: 0.740234375
INFO: Starting training for client 10 in epoch 2
INFO: Client 10 Validation loss: 0.001784375379429548, Validation accuracy: 0.94140625
INFO: Starting training for client 11 in epoch 2
INFO: Client 11 Validation loss: 0.15541457719563578, Validation accuracy: 0.9871995192307692
INFO: Starting training for client 12 in epoch 2
INFO: Client 12 Validation loss: 8.215778248805435e-06, Validation accuracy: 0.999704071969697
INFO: Starting training for client 13 in epoch 2
INFO: Client 13 Validation loss: 0.00040054255327959254, Validation accuracy: 0.923828125
INFO: Starting training for client 14 in epoch 2
INFO: Client 14 Validation loss: 4.7073239007507555e-06, Validation accuracy: 0.7337239583333334
INFO: Starting training for client 15 in epoch 2
INFO: Client 15 Validation loss: 0.04292498089803716, Validation accuracy: 0.9754971590909091
INFO: Starting training for client 16 in epoch 2
INFO: Client 16 Validation loss: 0.07108735827718249, Validation accuracy: 0.6025390625
INFO: Starting training for client 17 in epoch 2
INFO: Client 17 Validation loss: 0.24476662650704384, Validation accuracy: 0.408203125
INFO: Starting training for client 18 in epoch 2
INFO: Client 18 Validation loss: 0.04035842678797508, Validation accuracy: 0.8798828125
INFO: Starting training for client 19 in epoch 2
INFO: Client 19 Validation loss: 6.349926266620413e-11, Validation accuracy: 0.9850852272727273
INFO: Starting training for client 20 in epoch 2
INFO: Client 20 Validation loss: 0.07108164971460458, Validation accuracy: 0.91552734375
INFO: Starting training for client 21 in epoch 2
INFO: Client 21 Validation loss: 0.4446063949287691, Validation accuracy: 0.956787109375
INFO: Starting training for client 22 in epoch 2
INFO: Client 22 Validation loss: 0.0, Validation accuracy: 0.685546875
INFO: Starting training for client 23 in epoch 2
INFO: Client 23 Validation loss: 0.008866889147248003, Validation accuracy: 0.9982421875
INFO: Starting training for client 24 in epoch 2
INFO: Client 24 Validation loss: 0.0, Validation accuracy: 0.80517578125
INFO: Starting training for client 25 in epoch 2
INFO: Client 25 Validation loss: 0.21763929389417172, Validation accuracy: 0.9703125
INFO: Starting training for client 26 in epoch 2
INFO: Client 26 Validation loss: 0.00033349954216699935, Validation accuracy: 0.9934512867647058
INFO: Starting training for client 27 in epoch 2
INFO: Client 27 Validation loss: 0.0, Validation accuracy: 0.9621930803571429
INFO: Starting training for client 28 in epoch 2
INFO: Client 28 Validation loss: 0.020992767065763474, Validation accuracy: 0.990234375
INFO: Starting training for client 29 in epoch 2
INFO: Client 29 Validation loss: 0.0020763515479748224, Validation accuracy: 0.9874320652173914
INFO: Starting training for client 30 in epoch 2
INFO: Client 30 Validation loss: 0.023112199000925072, Validation accuracy: 0.9891183035714286
INFO: Starting training for client 31 in epoch 2
INFO: Client 31 Validation loss: 4.9240071651462545, Validation accuracy: 0.9942666330645161
INFO: Starting training for client 32 in epoch 2
INFO: Client 32 Validation loss: 1.2394221350327586, Validation accuracy: 0.9105113636363636
INFO: Starting training for client 33 in epoch 2
INFO: Client 33 Validation loss: 0.04745644822465067, Validation accuracy: 0.8291015625
INFO: Starting training for client 34 in epoch 2
INFO: Client 34 Validation loss: 0.003930506530501412, Validation accuracy: 0.9611328125
INFO: Starting training for client 35 in epoch 2
INFO: Client 35 Validation loss: 0.06992636085487902, Validation accuracy: 0.150390625
INFO: Starting training for client 36 in epoch 2
INFO: Client 36 Validation loss: 16.99162251524311, Validation accuracy: 0.9408482142857143
INFO: Starting training for client 37 in epoch 2
INFO: Client 37 Validation loss: 0.0007983352049144418, Validation accuracy: 0.9938616071428571
INFO: Starting training for client 38 in epoch 2
INFO: Client 38 Validation loss: 0.00012229790935894665, Validation accuracy: 0.9260602678571429
INFO: Starting training for client 39 in epoch 2
INFO: Client 39 Validation loss: 149.50343324244022, Validation accuracy: 0.944921875
INFO: Starting training for client 40 in epoch 2
INFO: Client 40 Validation loss: 31.579996619494295, Validation accuracy: 0.93359375
INFO: Starting training for client 41 in epoch 2
INFO: Client 41 Validation loss: 0.01683510924604806, Validation accuracy: 0.9969371448863636
INFO: Starting training for client 42 in epoch 2
INFO: Client 42 Validation loss: 0.0, Validation accuracy: 0.9362980769230769
INFO: Starting training for client 43 in epoch 2
INFO: Client 43 Validation loss: 0.0, Validation accuracy: 0.9696800595238095
INFO: Starting training for client 44 in epoch 2
INFO: Client 44 Validation loss: 0.00024169701273026674, Validation accuracy: 0.9962805706521739
INFO: Starting training for client 45 in epoch 2
INFO: Client 45 Validation loss: 21.120384514331818, Validation accuracy: 0.35546875
INFO: Starting training for client 46 in epoch 2
INFO: Client 46 Validation loss: 2.660920372932196e-10, Validation accuracy: 0.8797433035714286
INFO: Starting training for client 47 in epoch 2
INFO: Client 47 Validation loss: 0.0025006216999731564, Validation accuracy: 0.9689555921052632
INFO: Starting training for client 48 in epoch 2
INFO: Client 48 Validation loss: 0.0, Validation accuracy: 0.8716517857142857
INFO: Starting training for client 49 in epoch 2
INFO: Client 49 Validation loss: 8.125282609701874e-08, Validation accuracy: 0.861328125
INFO: Starting training for client 50 in epoch 2
INFO: Client 50 Validation loss: 0.002582826518586704, Validation accuracy: 0.9981166294642857
INFO: Starting training for client 51 in epoch 2
INFO: Client 51 Validation loss: 575.5152637139042, Validation accuracy: 0.9422104779411765
INFO: Starting training for client 52 in epoch 2
INFO: Client 52 Validation loss: 0.015420073812658136, Validation accuracy: 0.9674183238636364
INFO: Starting training for client 53 in epoch 2
INFO: Client 53 Validation loss: 0.008918706120716201, Validation accuracy: 0.9207899305555556
INFO: Starting training for client 54 in epoch 2
INFO: Client 54 Validation loss: 0.0019813571125206764, Validation accuracy: 0.9345703125
INFO: Starting training for client 55 in epoch 2
INFO: Client 55 Validation loss: 0.0004401868597149487, Validation accuracy: 0.9906994047619048
INFO: Starting training for client 56 in epoch 2
INFO: Client 56 Validation loss: 0.024703394497840325, Validation accuracy: 0.9871285860655737
INFO: Starting training for client 57 in epoch 2
INFO: Client 57 Validation loss: 161.5033818848407, Validation accuracy: 0.9156901041666666
INFO: Starting training for client 58 in epoch 2
INFO: Client 58 Validation loss: 0.0, Validation accuracy: 0.9999202806122449
INFO: Starting training for client 59 in epoch 2
INFO: Client 59 Validation loss: 36.66864013671875, Validation accuracy: 0.9809283088235294
INFO: Starting training for client 60 in epoch 2
INFO: Client 60 Validation loss: 0.0201126940883114, Validation accuracy: 0.9931640625
INFO: Starting training for client 61 in epoch 2
INFO: Client 61 Validation loss: 0.24670040450049177, Validation accuracy: 0.9095052083333334
INFO: Starting training for client 62 in epoch 2
INFO: Client 62 Validation loss: 1224.1603116372833, Validation accuracy: 0.971484375
INFO: Starting training for client 63 in epoch 2
INFO: Client 63 Validation loss: 0.0006757277740485772, Validation accuracy: 0.9768880208333334
INFO: Starting training for client 64 in epoch 2
INFO: Client 64 Validation loss: 0.0, Validation accuracy: 0.9322916666666666
INFO: Starting training for client 65 in epoch 2
INFO: Client 65 Validation loss: 0.008505211677931217, Validation accuracy: 0.9522569444444444
INFO: Starting training for client 66 in epoch 2
INFO: Client 66 Validation loss: 0.0, Validation accuracy: 0.906640625
INFO: Starting training for client 67 in epoch 2
INFO: Client 67 Validation loss: 0.031484206251196696, Validation accuracy: 0.9423177083333333
INFO: Starting training for client 68 in epoch 2
INFO: Client 68 Validation loss: 0.017096824944019318, Validation accuracy: 0.03125
INFO: Starting training for client 69 in epoch 2
INFO: Client 69 Validation loss: 0.003835251293953678, Validation accuracy: 0.9546274038461539
INFO: Starting training for client 70 in epoch 2
INFO: Client 70 Validation loss: 29.148296473547816, Validation accuracy: 0.451171875
INFO: Starting training for client 71 in epoch 2
INFO: Client 71 Validation loss: 20.83314635232091, Validation accuracy: 0.853125
INFO: Starting training for client 72 in epoch 2
INFO: Client 72 Validation loss: 0.028679179038391567, Validation accuracy: 0.9710286458333334
INFO: Starting training for client 73 in epoch 2
INFO: Client 73 Validation loss: 3.4566706833558785, Validation accuracy: 0.80625
INFO: Starting training for client 74 in epoch 2
INFO: Client 74 Validation loss: 0.22390043499945023, Validation accuracy: 0.9205729166666666
INFO: Starting training for client 75 in epoch 2
INFO: Client 75 Validation loss: 0.028318297478460496, Validation accuracy: 0.9690650201612904
INFO: Starting training for client 76 in epoch 2
INFO: Client 76 Validation loss: 0.0731259467235456, Validation accuracy: 0.9371744791666666
INFO: Starting training for client 77 in epoch 2
INFO: Client 77 Validation loss: 0.0003614229072806242, Validation accuracy: 0.9928303006329114
INFO: Starting training for client 78 in epoch 2
INFO: Client 78 Validation loss: 0.13927666732342914, Validation accuracy: 0.3046875
INFO: Starting training for client 79 in epoch 2
INFO: Client 79 Validation loss: 1.042335573198489e-05, Validation accuracy: 0.9672080592105263
INFO: Starting training for client 80 in epoch 2
INFO: Client 80 Validation loss: 0.0, Validation accuracy: 0.9205078125
INFO: Starting training for client 81 in epoch 2
INFO: Client 81 Validation loss: 0.029270281783905568, Validation accuracy: 0.9849917763157895
INFO: Starting training for client 82 in epoch 2
INFO: Client 82 Validation loss: 0.27396325554166523, Validation accuracy: 0.9383370535714286
INFO: Starting training for client 83 in epoch 2
INFO: Client 83 Validation loss: 0.0013424855219966044, Validation accuracy: 0.9932585685483871
INFO: Starting training for client 84 in epoch 2
INFO: Client 84 Validation loss: 0.156056842346313, Validation accuracy: 0.9494357638888888
INFO: Starting training for client 85 in epoch 2
INFO: Client 85 Validation loss: 0.038310400156547075, Validation accuracy: 0.905517578125
INFO: Starting training for client 86 in epoch 2
INFO: Client 86 Validation loss: 0.026563948398688808, Validation accuracy: 0.5166015625
INFO: Starting training for client 87 in epoch 2
INFO: Client 87 Validation loss: 1.5028150944856143e-06, Validation accuracy: 0.9988798253676471
INFO: Starting training for client 88 in epoch 2
INFO: Client 88 Validation loss: 0.05199504745542072, Validation accuracy: 0.9986979166666666
INFO: Starting training for client 89 in epoch 2
INFO: Client 89 Validation loss: 0.09610994322206798, Validation accuracy: 0.9280133928571429
INFO: Starting training for client 90 in epoch 2
INFO: Client 90 Validation loss: 0.2402211016991974, Validation accuracy: 0.9917689732142857
INFO: Starting training for client 91 in epoch 2
INFO: Client 91 Validation loss: 0.042036558807012625, Validation accuracy: 0.416015625
INFO: Starting training for client 92 in epoch 2
INFO: Client 92 Validation loss: 0.005625077266680711, Validation accuracy: 0.982421875
INFO: Starting training for client 93 in epoch 2
INFO: Client 93 Validation loss: 0.0039001782917985318, Validation accuracy: 0.9299665178571429
INFO: Starting training for client 94 in epoch 2
INFO: Client 94 Validation loss: 0.04505692794919014, Validation accuracy: 0.989013671875
INFO: Starting training for client 95 in epoch 2
INFO: Client 95 Validation loss: 7.038495114408916e-07, Validation accuracy: 0.991875656512605
INFO: Starting training for client 96 in epoch 2
INFO: Client 96 Validation loss: 0.001604856515975377, Validation accuracy: 0.9965475063131313
INFO: Starting training for client 97 in epoch 2
INFO: Client 97 Validation loss: 0.13294990814756602, Validation accuracy: 0.8828125
INFO: Starting training for client 98 in epoch 2
INFO: Client 98 Validation loss: 0.9598550411281923, Validation accuracy: 0.9445612980769231
INFO: Starting training for client 99 in epoch 2
INFO: Client 99 Validation loss: 0.35757036399829756, Validation accuracy: 0.9888671875
INFO: Global model test loss after epoch 2: 16.936078847839884, test accuracy: 0.9007284802306426
INFO: Client 0 model test loss after epoch 2: 508.0745715882222, test accuracy: 0.9026301225288303
INFO: Client 1 model test loss after epoch 2: 704.4315666926186, test accuracy: 0.6623571355024712
INFO: Client 2 model test loss after epoch 2: 719.3015726238859, test accuracy: 0.913509060955519
INFO: Client 3 model test loss after epoch 2: 112.81597231354647, test accuracy: 0.671875
INFO: Client 4 model test loss after epoch 2: 1084.0362741601525, test accuracy: 0.8276166083196046
INFO: Client 5 model test loss after epoch 2: 5.020178700999758, test accuracy: 0.8060357032537068
INFO: Client 6 model test loss after epoch 2: 82.51271793753084, test accuracy: 0.6171875
INFO: Client 7 model test loss after epoch 2: 129.87034436702115, test accuracy: 0.7288824392504119
INFO: Client 8 model test loss after epoch 2: 111.14680216860484, test accuracy: 0.9166462880971994
INFO: Client 9 model test loss after epoch 2: 18.29469545728925, test accuracy: 0.576442159184514
INFO: Client 10 model test loss after epoch 2: 208.06843161887352, test accuracy: 0.5809050658978583
INFO: Client 11 model test loss after epoch 2: 25.611878820365547, test accuracy: 0.8108750772240527
INFO: Client 12 model test loss after epoch 2: 190.96781232024745, test accuracy: 0.9069900638385503
INFO: Client 13 model test loss after epoch 2: 14.162558373293702, test accuracy: 0.7754968080724877
INFO: Client 14 model test loss after epoch 2: 50.569535158166964, test accuracy: 0.8839193780889621
INFO: Client 15 model test loss after epoch 2: 134.70294101586126, test accuracy: 0.7601195685749588
INFO: Client 16 model test loss after epoch 2: 12.457335503636104, test accuracy: 0.7113139672570017
INFO: Client 17 model test loss after epoch 2: 2.0032152076273286, test accuracy: 0.6521764312191104
INFO: Client 18 model test loss after epoch 2: 586.0516239292751, test accuracy: 0.868194630354201
INFO: Client 19 model test loss after epoch 2: 273.9245922369782, test accuracy: 0.8868764157742999
INFO: Client 20 model test loss after epoch 2: 84.95331881584917, test accuracy: 0.7248474824958814
INFO: Client 21 model test loss after epoch 2: 260.8195574584737, test accuracy: 0.8270696046128501
INFO: Client 22 model test loss after epoch 2: 85.87384576796197, test accuracy: 0.6225577893327842
INFO: Client 23 model test loss after epoch 2: 206.67824873887764, test accuracy: 0.8347887922158155
INFO: Client 24 model test loss after epoch 2: 120.43892003573495, test accuracy: 0.7326632001647446
INFO: Client 25 model test loss after epoch 2: 61.69044127610786, test accuracy: 0.6202507207578254
INFO: Client 26 model test loss after epoch 2: 35.70775386039935, test accuracy: 0.6338904190691927
INFO: Client 27 model test loss after epoch 2: 85.31854927346059, test accuracy: 0.7306939868204283
INFO: Client 28 model test loss after epoch 2: 986.7220961996494, test accuracy: 0.7395908412273476
INFO: Client 29 model test loss after epoch 2: 329.7517181575246, test accuracy: 0.8058072487644151
INFO: Client 30 model test loss after epoch 2: 68.85897400441124, test accuracy: 0.8742953305189456
INFO: Client 31 model test loss after epoch 2: 63.98336288464877, test accuracy: 0.6274743873558485
INFO: Client 32 model test loss after epoch 2: 915.9251580263413, test accuracy: 0.6754305240939045
INFO: Client 33 model test loss after epoch 2: 24.93767098073088, test accuracy: 0.5390785883443163
INFO: Client 34 model test loss after epoch 2: 540.1457925139139, test accuracy: 0.6172164590197694
INFO: Client 35 model test loss after epoch 2: 3.5110105300209606, test accuracy: 0.7162466536243822
INFO: Client 36 model test loss after epoch 2: 55.54492872376613, test accuracy: 0.7913180858731467
INFO: Client 37 model test loss after epoch 2: 52.048409009497696, test accuracy: 0.76321818369028
INFO: Client 38 model test loss after epoch 2: 54.43492117722444, test accuracy: 0.6526269048599671
INFO: Client 39 model test loss after epoch 2: 220.22209101500556, test accuracy: 0.19442120572487645
INFO: Client 40 model test loss after epoch 2: 25.003344521591632, test accuracy: 0.555707501029654
INFO: Client 41 model test loss after epoch 2: 1810.1728927554345, test accuracy: 0.6311875772240527
INFO: Client 42 model test loss after epoch 2: 326.3448819994274, test accuracy: 0.7253108268121911
INFO: Client 43 model test loss after epoch 2: 346.4102275963047, test accuracy: 0.7394396107907742
INFO: Client 44 model test loss after epoch 2: 103.27251600766938, test accuracy: 0.6210776616556837
INFO: Client 45 model test loss after epoch 2: 4.103309510968264, test accuracy: 0.7230713292833608
INFO: Client 46 model test loss after epoch 2: 830.0044409122714, test accuracy: 0.2004543348434926
INFO: Client 47 model test loss after epoch 2: 50.38794024990392, test accuracy: 0.7395908412273476
INFO: Client 48 model test loss after epoch 2: 804.1382238215126, test accuracy: 0.6251190537479407
INFO: Client 49 model test loss after epoch 2: 419.682715552925, test accuracy: 0.6211709740527183
INFO: Client 50 model test loss after epoch 2: 810.9672915690669, test accuracy: 0.6206110996705108
INFO: Client 51 model test loss after epoch 2: 1112.0558362908, test accuracy: 0.6239832166392092
INFO: Client 52 model test loss after epoch 2: 931.7241135141712, test accuracy: 0.7395908412273476
INFO: Client 53 model test loss after epoch 2: 2131.3261703295166, test accuracy: 0.6970886532125206
INFO: Client 54 model test loss after epoch 2: 709.9234134383473, test accuracy: 0.6230372219934102
INFO: Client 55 model test loss after epoch 2: 210.68083771539523, test accuracy: 0.9155458453459637
INFO: Client 56 model test loss after epoch 2: 73.92307860238326, test accuracy: 0.7240527182866557
INFO: Client 57 model test loss after epoch 2: 141.21844823053206, test accuracy: 0.7772246962520593
INFO: Client 58 model test loss after epoch 2: 140.1587455093541, test accuracy: 0.5407035111202636
INFO: Client 59 model test loss after epoch 2: 150.54105079321047, test accuracy: 0.7239690588962109
INFO: Client 60 model test loss after epoch 2: 66.7704143483694, test accuracy: 0.7377985996705108
INFO: Client 61 model test loss after epoch 2: 20.362765136664123, test accuracy: 0.832571818369028
INFO: Client 62 model test loss after epoch 2: 508.39866309182713, test accuracy: 0.6209103428747941
INFO: Client 63 model test loss after epoch 2: 270.69839052865143, test accuracy: 0.630135399505766
INFO: Client 64 model test loss after epoch 2: 2563.1831752150574, test accuracy: 0.6209746962520593
INFO: Client 65 model test loss after epoch 2: 167.92777525591592, test accuracy: 0.4468344573723229
INFO: Client 66 model test loss after epoch 2: 246.41037967123546, test accuracy: 0.5626737541186162
INFO: Client 67 model test loss after epoch 2: 365.4231865748947, test accuracy: 0.6210647909802306
INFO: Client 68 model test loss after epoch 2: 6.457485777339539, test accuracy: 0.7245771983113674
INFO: Client 69 model test loss after epoch 2: 1052.7515384088763, test accuracy: 0.6996660059719935
INFO: Client 70 model test loss after epoch 2: 12.974413085161641, test accuracy: 0.5409544892915981
INFO: Client 71 model test loss after epoch 2: 3441.774600972354, test accuracy: 0.19654486717462932
INFO: Client 72 model test loss after epoch 2: 135.40232164780082, test accuracy: 0.61853892092257
INFO: Client 73 model test loss after epoch 2: 1282.8626856949556, test accuracy: 0.7805228068369028
INFO: Client 74 model test loss after epoch 2: 593.4103141068, test accuracy: 0.8085133082784185
INFO: Client 75 model test loss after epoch 2: 1511.8932035944936, test accuracy: 0.64978892092257
INFO: Client 76 model test loss after epoch 2: 122.37289185920321, test accuracy: 0.6135547518533773
INFO: Client 77 model test loss after epoch 2: 28.165295541351988, test accuracy: 0.8055916649505767
INFO: Client 78 model test loss after epoch 2: 14.889314272518812, test accuracy: 0.6218981672158155
INFO: Client 79 model test loss after epoch 2: 483.24495189686655, test accuracy: 0.7426251029654036
INFO: Client 80 model test loss after epoch 2: 1901.0392243432732, test accuracy: 0.7988474310131796
INFO: Client 81 model test loss after epoch 2: 46.036278013907406, test accuracy: 0.4800375823723229
INFO: Client 82 model test loss after epoch 2: 3549.493935337594, test accuracy: 0.37951760708401977
INFO: Client 83 model test loss after epoch 2: 3779.8222768121896, test accuracy: 0.5527955107084019
INFO: Client 84 model test loss after epoch 2: 1075.6556159399966, test accuracy: 0.7965532331136738
INFO: Client 85 model test loss after epoch 2: 151.29447358013365, test accuracy: 0.7230423702635914
INFO: Client 86 model test loss after epoch 2: 47.992953063686606, test accuracy: 0.9071799063014827
INFO: Client 87 model test loss after epoch 2: 12.84517872512622, test accuracy: 0.8982540928747941
INFO: Client 88 model test loss after epoch 2: 224.41012783374887, test accuracy: 0.6211130560131796
INFO: Client 89 model test loss after epoch 2: 211.1924179619687, test accuracy: 0.6209521725700164
INFO: Client 90 model test loss after epoch 2: 765.7725208514079, test accuracy: 0.375614574752883
INFO: Client 91 model test loss after epoch 2: 6.811317658865656, test accuracy: 0.7262889981466227
INFO: Client 92 model test loss after epoch 2: 163.3167322950668, test accuracy: 0.6276577944810544
INFO: Client 93 model test loss after epoch 2: 684.4748121575374, test accuracy: 0.19442120572487645
INFO: Client 94 model test loss after epoch 2: 1567.0025484906587, test accuracy: 0.6055942390856672
INFO: Client 95 model test loss after epoch 2: 393.63403529724457, test accuracy: 0.6425556013179572
INFO: Client 96 model test loss after epoch 2: 63.26385491675764, test accuracy: 0.8923142761532126
INFO: Client 97 model test loss after epoch 2: 30.21475491511959, test accuracy: 0.5048876390032949
INFO: Client 98 model test loss after epoch 2: 325.3224844603727, test accuracy: 0.7983390393327842
INFO: Client 99 model test loss after epoch 2: 268.73052737082327, test accuracy: 0.856118719110379
INFO: Global model checkpoint for epoch 2 saved!
INFO: Starting training for client 0 in epoch 3
INFO: Client 0 Validation loss: 0.007806471704355388, Validation accuracy: 0.97484375
INFO: Starting training for client 1 in epoch 3
INFO: Client 1 Validation loss: 3.197870696302165, Validation accuracy: 0.9424715909090909
INFO: Starting training for client 2 in epoch 3
INFO: Client 2 Validation loss: 0.0015183196203499142, Validation accuracy: 0.995635775862069
INFO: Starting training for client 3 in epoch 3
INFO: Client 3 Validation loss: 0.004350680547455947, Validation accuracy: 0.67578125
INFO: Starting training for client 4 in epoch 3
INFO: Client 4 Validation loss: 0.0006012732289196092, Validation accuracy: 0.9700296336206896
INFO: Starting training for client 5 in epoch 3
INFO: Client 5 Validation loss: 0.2656572461128235, Validation accuracy: 0.068359375
INFO: Starting training for client 6 in epoch 3
INFO: Client 6 Validation loss: 0.023115193413104862, Validation accuracy: 0.6337890625
INFO: Starting training for client 7 in epoch 3
INFO: Client 7 Validation loss: 0.003787944092656185, Validation accuracy: 0.9505208333333334
INFO: Starting training for client 8 in epoch 3
INFO: Client 8 Validation loss: 0.034787689335644245, Validation accuracy: 0.899658203125
INFO: Starting training for client 9 in epoch 3
INFO: Client 9 Validation loss: 0.11040375632001087, Validation accuracy: 0.69140625
INFO: Starting training for client 10 in epoch 3
INFO: Client 10 Validation loss: 0.14901571427799354, Validation accuracy: 0.9404296875
INFO: Starting training for client 11 in epoch 3
INFO: Client 11 Validation loss: 2.7852846800024604, Validation accuracy: 0.987139423076923
INFO: Starting training for client 12 in epoch 3
INFO: Client 12 Validation loss: 105.5828581981888, Validation accuracy: 0.9979876893939394
INFO: Starting training for client 13 in epoch 3
INFO: Client 13 Validation loss: 1.1295570493675768, Validation accuracy: 0.921875
INFO: Starting training for client 14 in epoch 3
INFO: Client 14 Validation loss: 0.0, Validation accuracy: 0.7337239583333334
INFO: Starting training for client 15 in epoch 3
INFO: Client 15 Validation loss: 0.03057399600617249, Validation accuracy: 0.9742542613636364
INFO: Starting training for client 16 in epoch 3
INFO: Client 16 Validation loss: 0.3317620176803757, Validation accuracy: 0.60546875
INFO: Starting training for client 17 in epoch 3
INFO: Client 17 Validation loss: 0.25930922012776136, Validation accuracy: 0.408203125
INFO: Starting training for client 18 in epoch 3
INFO: Client 18 Validation loss: 0.05529619101434946, Validation accuracy: 0.87890625
INFO: Starting training for client 19 in epoch 3
INFO: Client 19 Validation loss: 0.0, Validation accuracy: 0.9850852272727273
INFO: Starting training for client 20 in epoch 3
INFO: Client 20 Validation loss: 0.07326321534003455, Validation accuracy: 0.9189453125
INFO: Starting training for client 21 in epoch 3
INFO: Client 21 Validation loss: 0.12741968711316076, Validation accuracy: 0.9542236328125
INFO: Starting training for client 22 in epoch 3
INFO: Client 22 Validation loss: 0.43168795108795166, Validation accuracy: 0.6845703125
INFO: Starting training for client 23 in epoch 3
INFO: Client 23 Validation loss: 0.06981537193059921, Validation accuracy: 0.998828125
INFO: Starting training for client 24 in epoch 3
INFO: Client 24 Validation loss: 0.3882451467216015, Validation accuracy: 0.8037109375
INFO: Starting training for client 25 in epoch 3
INFO: Client 25 Validation loss: 0.17068078437587247, Validation accuracy: 0.970703125
INFO: Starting training for client 26 in epoch 3
INFO: Client 26 Validation loss: 0.017361989792655495, Validation accuracy: 0.9935087316176471
INFO: Starting training for client 27 in epoch 3
INFO: Client 27 Validation loss: 2.8438502981081068e-09, Validation accuracy: 0.9621930803571429
INFO: Starting training for client 28 in epoch 3
INFO: Client 28 Validation loss: 0.00858546528070292, Validation accuracy: 0.9900716145833334
INFO: Starting training for client 29 in epoch 3
INFO: Client 29 Validation loss: 0.018599670189639393, Validation accuracy: 0.986328125
INFO: Starting training for client 30 in epoch 3
INFO: Client 30 Validation loss: 0.10705694134676269, Validation accuracy: 0.9889322916666666
INFO: Starting training for client 31 in epoch 3
INFO: Client 31 Validation loss: 10.209654324796242, Validation accuracy: 0.994140625
INFO: Starting training for client 32 in epoch 3
INFO: Client 32 Validation loss: 8.679558790641357e-06, Validation accuracy: 0.9106889204545454
INFO: Starting training for client 33 in epoch 3
INFO: Client 33 Validation loss: 0.001948695851528015, Validation accuracy: 0.830078125
INFO: Starting training for client 34 in epoch 3
INFO: Client 34 Validation loss: 1.4351411998791973e-07, Validation accuracy: 0.96123046875
INFO: Starting training for client 35 in epoch 3
INFO: Client 35 Validation loss: 0.3610400720499456, Validation accuracy: 0.150390625
INFO: Starting training for client 36 in epoch 3
INFO: Client 36 Validation loss: 60.60292643036694, Validation accuracy: 0.9416852678571429
INFO: Starting training for client 37 in epoch 3
INFO: Client 37 Validation loss: 5.233599727884011e-05, Validation accuracy: 0.9939081101190477
INFO: Starting training for client 38 in epoch 3
INFO: Client 38 Validation loss: 1.6630710776764447e-09, Validation accuracy: 0.9260602678571429
INFO: Starting training for client 39 in epoch 3
INFO: Client 39 Validation loss: 58.476615711625016, Validation accuracy: 0.94375
INFO: Starting training for client 40 in epoch 3
INFO: Client 40 Validation loss: 0.19688622109866394, Validation accuracy: 0.9326171875
INFO: Starting training for client 41 in epoch 3
INFO: Client 41 Validation loss: 0.33091068267822266, Validation accuracy: 0.9969815340909091
INFO: Starting training for client 42 in epoch 3
INFO: Client 42 Validation loss: 0.0, Validation accuracy: 0.9362980769230769
INFO: Starting training for client 43 in epoch 3
INFO: Client 43 Validation loss: 0.0, Validation accuracy: 0.9696800595238095
INFO: Starting training for client 44 in epoch 3
INFO: Client 44 Validation loss: 0.00011273398185553758, Validation accuracy: 0.9962805706521739
INFO: Starting training for client 45 in epoch 3
INFO: Client 45 Validation loss: 141.52704906463623, Validation accuracy: 0.353515625
INFO: Starting training for client 46 in epoch 3
INFO: Client 46 Validation loss: 1.430241702848889e-09, Validation accuracy: 0.8797433035714286
INFO: Starting training for client 47 in epoch 3
INFO: Client 47 Validation loss: 0.39519826362007543, Validation accuracy: 0.9688527960526315
INFO: Starting training for client 48 in epoch 3
INFO: Client 48 Validation loss: 0.004002310784308857, Validation accuracy: 0.8713727678571429
INFO: Starting training for client 49 in epoch 3
INFO: Client 49 Validation loss: 6.984917496830056e-10, Validation accuracy: 0.861328125
INFO: Starting training for client 50 in epoch 3
INFO: Client 50 Validation loss: 76.1714144637517, Validation accuracy: 0.9980817522321429
INFO: Starting training for client 51 in epoch 3
INFO: Client 51 Validation loss: 221.2188915617143, Validation accuracy: 0.9423253676470589
INFO: Starting training for client 52 in epoch 3
INFO: Client 52 Validation loss: 1.0583210444367355e-11, Validation accuracy: 0.9675958806818182
INFO: Starting training for client 53 in epoch 3
INFO: Client 53 Validation loss: 0.01150951319769907, Validation accuracy: 0.9203559027777778
INFO: Starting training for client 54 in epoch 3
INFO: Client 54 Validation loss: 6.477713530106399e-05, Validation accuracy: 0.93505859375
INFO: Starting training for client 55 in epoch 3
INFO: Client 55 Validation loss: 0.00016847009724808693, Validation accuracy: 0.9906994047619048
INFO: Starting training for client 56 in epoch 3
INFO: Client 56 Validation loss: 0.05103354942771318, Validation accuracy: 0.9871926229508197
INFO: Starting training for client 57 in epoch 3
INFO: Client 57 Validation loss: 0.10867512593609518, Validation accuracy: 0.9169921875
INFO: Starting training for client 58 in epoch 3
INFO: Client 58 Validation loss: 16.242339465082907, Validation accuracy: 0.9998804209183674
INFO: Starting training for client 59 in epoch 3
INFO: Client 59 Validation loss: 23.867429845473346, Validation accuracy: 0.9809283088235294
INFO: Starting training for client 60 in epoch 3
INFO: Client 60 Validation loss: 0.0, Validation accuracy: 0.994140625
INFO: Starting training for client 61 in epoch 3
INFO: Client 61 Validation loss: 0.6739930221810937, Validation accuracy: 0.912109375
INFO: Starting training for client 62 in epoch 3
INFO: Client 62 Validation loss: 0.20058321115102445, Validation accuracy: 0.973828125
INFO: Starting training for client 63 in epoch 3
INFO: Client 63 Validation loss: 0.03829001527428011, Validation accuracy: 0.9767578125
INFO: Starting training for client 64 in epoch 3
INFO: Client 64 Validation loss: 0.0, Validation accuracy: 0.9322916666666666
INFO: Starting training for client 65 in epoch 3
INFO: Client 65 Validation loss: 0.00012320757694873742, Validation accuracy: 0.9524739583333334
INFO: Starting training for client 66 in epoch 3
INFO: Client 66 Validation loss: 0.0, Validation accuracy: 0.906640625
INFO: Starting training for client 67 in epoch 3
INFO: Client 67 Validation loss: 0.00813548028772099, Validation accuracy: 0.9424479166666667
INFO: Starting training for client 68 in epoch 3
INFO: Client 68 Validation loss: 5.968144250800833e-06, Validation accuracy: 0.03125
INFO: Starting training for client 69 in epoch 3
INFO: Client 69 Validation loss: 0.00942830460347961, Validation accuracy: 0.9538762019230769
INFO: Starting training for client 70 in epoch 3
INFO: Client 70 Validation loss: 2.8129550591111183, Validation accuracy: 0.3837890625
INFO: Starting training for client 71 in epoch 3
INFO: Client 71 Validation loss: 29.228626327216624, Validation accuracy: 0.8078125
INFO: Starting training for client 72 in epoch 3
INFO: Client 72 Validation loss: 0.06642731280908265, Validation accuracy: 0.9703776041666666
INFO: Starting training for client 73 in epoch 3
INFO: Client 73 Validation loss: 4.17262020111084, Validation accuracy: 0.7859375
INFO: Starting training for client 74 in epoch 3
INFO: Client 74 Validation loss: 0.02386250182972718, Validation accuracy: 0.9246961805555556
INFO: Starting training for client 75 in epoch 3
INFO: Client 75 Validation loss: 0.0, Validation accuracy: 0.9691280241935484
INFO: Starting training for client 76 in epoch 3
INFO: Client 76 Validation loss: 6601.536030895358, Validation accuracy: 0.939453125
INFO: Starting training for client 77 in epoch 3
INFO: Client 77 Validation loss: 0.0007065251322373597, Validation accuracy: 0.992459454113924
INFO: Starting training for client 78 in epoch 3
INFO: Client 78 Validation loss: 0.07622707009431906, Validation accuracy: 0.31640625
INFO: Starting training for client 79 in epoch 3
INFO: Client 79 Validation loss: 0.0, Validation accuracy: 0.9672080592105263
INFO: Starting training for client 80 in epoch 3
INFO: Client 80 Validation loss: 0.0, Validation accuracy: 0.9205078125
INFO: Starting training for client 81 in epoch 3
INFO: Client 81 Validation loss: 0.05079260562534297, Validation accuracy: 0.9827302631578947
INFO: Starting training for client 82 in epoch 3
INFO: Client 82 Validation loss: 0.1960709383058025, Validation accuracy: 0.9388950892857143
INFO: Starting training for client 83 in epoch 3
INFO: Client 83 Validation loss: 0.06527983024716377, Validation accuracy: 0.993132560483871
INFO: Starting training for client 84 in epoch 3
INFO: Client 84 Validation loss: 0.00954584469680359, Validation accuracy: 0.9498697916666666
INFO: Starting training for client 85 in epoch 3
INFO: Client 85 Validation loss: 0.023951443615487733, Validation accuracy: 0.905029296875
INFO: Starting training for client 86 in epoch 3
INFO: Client 86 Validation loss: 7.219646977318916e-05, Validation accuracy: 0.51953125
INFO: Starting training for client 87 in epoch 3
INFO: Client 87 Validation loss: 2.888192933986426e-05, Validation accuracy: 0.9988798253676471
INFO: Starting training for client 88 in epoch 3
INFO: Client 88 Validation loss: 0.0, Validation accuracy: 0.9993489583333334
INFO: Starting training for client 89 in epoch 3
INFO: Client 89 Validation loss: 0.03845385638323567, Validation accuracy: 0.9280133928571429
INFO: Starting training for client 90 in epoch 3
INFO: Client 90 Validation loss: 0.03525630617981993, Validation accuracy: 0.9924665178571429
INFO: Starting training for client 91 in epoch 3
INFO: Client 91 Validation loss: 0.0015688536609559378, Validation accuracy: 0.419921875
INFO: Starting training for client 92 in epoch 3
INFO: Client 92 Validation loss: 0.0025450950124656, Validation accuracy: 0.982177734375
INFO: Starting training for client 93 in epoch 3
INFO: Client 93 Validation loss: 8.046716861522172e-07, Validation accuracy: 0.9302455357142857
INFO: Starting training for client 94 in epoch 3
INFO: Client 94 Validation loss: 0.0, Validation accuracy: 0.9892578125
INFO: Starting training for client 95 in epoch 3
INFO: Client 95 Validation loss: 0.002031424392998143, Validation accuracy: 0.9918264180672269
INFO: Starting training for client 96 in epoch 3
INFO: Client 96 Validation loss: 0.000563087775488791, Validation accuracy: 0.99642913510101
INFO: Starting training for client 97 in epoch 3
INFO: Client 97 Validation loss: 0.43720495724119246, Validation accuracy: 0.87890625
INFO: Starting training for client 98 in epoch 3
INFO: Client 98 Validation loss: 156889.17803184717, Validation accuracy: 0.9447115384615384
INFO: Starting training for client 99 in epoch 3
INFO: Client 99 Validation loss: 0.001250778964856636, Validation accuracy: 0.98896484375
INFO: Global model test loss after epoch 3: 25.956783508419104, test accuracy: 0.7265335409802306
INFO: Client 0 model test loss after epoch 3: 282.6684336974865, test accuracy: 0.858651024505766
INFO: Client 1 model test loss after epoch 3: 369.4228212664505, test accuracy: 0.7402118513179572
INFO: Client 2 model test loss after epoch 3: 574.8854164539523, test accuracy: 0.9129459689044481
INFO: Client 3 model test loss after epoch 3: 24.05826214580457, test accuracy: 0.700779319398682
INFO: Client 4 model test loss after epoch 3: 693.5619261786013, test accuracy: 0.8018688220757826
INFO: Client 5 model test loss after epoch 3: 25.731912651453914, test accuracy: 0.9062081703047776
INFO: Client 6 model test loss after epoch 3: 78.08743083419766, test accuracy: 0.7263855282125206
INFO: Client 7 model test loss after epoch 3: 376.53490347656117, test accuracy: 0.7341079334843492
INFO: Client 8 model test loss after epoch 3: 101.22752038176982, test accuracy: 0.6232206291186162
INFO: Client 9 model test loss after epoch 3: 31.957739686980045, test accuracy: 0.5836915671334432
INFO: Client 10 model test loss after epoch 3: 114.66269283871821, test accuracy: 0.562905426276771
INFO: Client 11 model test loss after epoch 3: 53.039639574310186, test accuracy: 0.7990211851317958
INFO: Client 12 model test loss after epoch 3: 107.84621007436756, test accuracy: 0.9054423651153213
INFO: Client 13 model test loss after epoch 3: 36.75367595301409, test accuracy: 0.8378938426688632
INFO: Client 14 model test loss after epoch 3: 221.07355891013282, test accuracy: 0.623526307660626
INFO: Client 15 model test loss after epoch 3: 59.52687877527132, test accuracy: 0.7061109967051071
INFO: Client 16 model test loss after epoch 3: 9.829914789728223, test accuracy: 0.8308728892092258
INFO: Client 17 model test loss after epoch 3: 16.55719251700999, test accuracy: 0.844757130354201
INFO: Client 18 model test loss after epoch 3: 277.61325487853145, test accuracy: 0.8467617380560132
INFO: Client 19 model test loss after epoch 3: 644.6724320724751, test accuracy: 0.8387851369439868
INFO: Client 20 model test loss after epoch 3: 49.84185560598067, test accuracy: 0.6988937654448105
INFO: Client 21 model test loss after epoch 3: 21.068325833323396, test accuracy: 0.9075016731878089
INFO: Client 22 model test loss after epoch 3: 84.15236150116226, test accuracy: 0.7255071046128501
INFO: Client 23 model test loss after epoch 3: 125.455765233318, test accuracy: 0.738355256383855
INFO: Client 24 model test loss after epoch 3: 103.62470446280301, test accuracy: 0.8756950164744646
INFO: Client 25 model test loss after epoch 3: 63.06998641685306, test accuracy: 0.7739523270181219
INFO: Client 26 model test loss after epoch 3: 324.4796090361805, test accuracy: 0.8703729921746294
INFO: Client 27 model test loss after epoch 3: 144.9605622240859, test accuracy: 0.9133353068369028
INFO: Client 28 model test loss after epoch 3: 549.0050433302679, test accuracy: 0.6653849619028006
INFO: Client 29 model test loss after epoch 3: 317.95252765100463, test accuracy: 0.7273315228583196
INFO: Client 30 model test loss after epoch 3: 217.16753669979, test accuracy: 0.6952063169275123
INFO: Client 31 model test loss after epoch 3: 105.68771994685436, test accuracy: 0.6196844110378913
INFO: Client 32 model test loss after epoch 3: 48.94676203519505, test accuracy: 0.7421038406095551
INFO: Client 33 model test loss after epoch 3: 15.688881588081943, test accuracy: 0.6840828356672158
INFO: Client 34 model test loss after epoch 3: 537.8851517834784, test accuracy: 0.6169686985172982
INFO: Client 35 model test loss after epoch 3: 22.081575071850082, test accuracy: 0.8959373712932455
INFO: Client 36 model test loss after epoch 3: 115.08107446821356, test accuracy: 0.661703948723229
INFO: Client 37 model test loss after epoch 3: 52.52574691941495, test accuracy: 0.7375765805189456
INFO: Client 38 model test loss after epoch 3: 77.43915274322887, test accuracy: 0.8408315743410214
INFO: Client 39 model test loss after epoch 3: 146.02924047109028, test accuracy: 0.19442120572487645
INFO: Client 40 model test loss after epoch 3: 49.79915372420057, test accuracy: 0.5409834483113674
INFO: Client 41 model test loss after epoch 3: 1272.4874785605648, test accuracy: 0.6214090815485996
INFO: Client 42 model test loss after epoch 3: 97.52655458460929, test accuracy: 0.7232322127265239
INFO: Client 43 model test loss after epoch 3: 145.64195420554077, test accuracy: 0.7375186624794069
INFO: Client 44 model test loss after epoch 3: 45.976848373937074, test accuracy: 0.6948942030477759
INFO: Client 45 model test loss after epoch 3: 15.300141769418008, test accuracy: 0.7262568214579901
INFO: Client 46 model test loss after epoch 3: 707.815503208477, test accuracy: 0.44431824032125206
INFO: Client 47 model test loss after epoch 3: 493.2083405339246, test accuracy: 0.7395908412273476
INFO: Client 48 model test loss after epoch 3: 72.99948665776587, test accuracy: 0.7243165671334432
INFO: Client 49 model test loss after epoch 3: 445.0108057025013, test accuracy: 0.6208331188220758
INFO: Client 50 model test loss after epoch 3: 511.89657055693135, test accuracy: 0.6749285677512356
INFO: Client 51 model test loss after epoch 3: 421.3510133972931, test accuracy: 0.4494600751647446
INFO: Client 52 model test loss after epoch 3: 278.75976004496073, test accuracy: 0.8457674783772653
INFO: Client 53 model test loss after epoch 3: 492.39751651975826, test accuracy: 0.8243281507413509
INFO: Client 54 model test loss after epoch 3: 893.9696094926672, test accuracy: 0.6221234040362438
INFO: Client 55 model test loss after epoch 3: 233.34645101493737, test accuracy: 0.8720300916392092
INFO: Client 56 model test loss after epoch 3: 148.95630031138572, test accuracy: 0.6210326142915981
INFO: Client 57 model test loss after epoch 3: 59.59001849283413, test accuracy: 0.719683123970346
INFO: Client 58 model test loss after epoch 3: 98.59913245105753, test accuracy: 0.72535909184514
INFO: Client 59 model test loss after epoch 3: 110.96064169693963, test accuracy: 0.6985366042009885
INFO: Client 60 model test loss after epoch 3: 17.96979669740136, test accuracy: 0.6018778315485996
INFO: Client 61 model test loss after epoch 3: 67.6183076010715, test accuracy: 0.6232946355024712
INFO: Client 62 model test loss after epoch 3: 127.24891133013277, test accuracy: 0.6213189868204283
INFO: Client 63 model test loss after epoch 3: 716.6518948338373, test accuracy: 0.2006055652800659
INFO: Client 64 model test loss after epoch 3: 1198.0709166956226, test accuracy: 0.6209071252059308
INFO: Client 65 model test loss after epoch 3: 121.92089452564514, test accuracy: 0.6211162736820428
INFO: Client 66 model test loss after epoch 3: 72.13670647460458, test accuracy: 0.7379820067957167
INFO: Client 67 model test loss after epoch 3: 228.99960547983676, test accuracy: 0.6210551379736409
INFO: Client 68 model test loss after epoch 3: 17.39388265655999, test accuracy: 0.724474232907743
INFO: Client 69 model test loss after epoch 3: 701.9560303818303, test accuracy: 0.7231485533360791
INFO: Client 70 model test loss after epoch 3: 48.329043144350976, test accuracy: 0.01340480848434926
INFO: Client 71 model test loss after epoch 3: 1215.4982885840686, test accuracy: 0.7284802306425041
INFO: Client 72 model test loss after epoch 3: 124.9482219803404, test accuracy: 0.6855919223640856
INFO: Client 73 model test loss after epoch 3: 1059.0003835252319, test accuracy: 0.7898443935337727
INFO: Client 74 model test loss after epoch 3: 1188.902187171773, test accuracy: 0.7885766320016474
INFO: Client 75 model test loss after epoch 3: 329.97674890820133, test accuracy: 0.8790317390856672
INFO: Client 76 model test loss after epoch 3: 23.528812687450305, test accuracy: 0.6221523630560132
INFO: Client 77 model test loss after epoch 3: 65.9176201835334, test accuracy: 0.7933966999588138
INFO: Client 78 model test loss after epoch 3: 31.615847546590995, test accuracy: 0.7349638334019769
INFO: Client 79 model test loss after epoch 3: 647.0339875614525, test accuracy: 0.7446908463756178
INFO: Client 80 model test loss after epoch 3: 848.7713421110242, test accuracy: 0.7984902697693574
INFO: Client 81 model test loss after epoch 3: 14.633644244474207, test accuracy: 0.5542756383855024
INFO: Client 82 model test loss after epoch 3: 4403.430603454224, test accuracy: 0.3777865012355848
INFO: Client 83 model test loss after epoch 3: 3216.671590780812, test accuracy: 0.5539828305189456
INFO: Client 84 model test loss after epoch 3: 83.45412608773553, test accuracy: 0.8812101009060955
INFO: Client 85 model test loss after epoch 3: 139.3860018479977, test accuracy: 0.47865720242998355
INFO: Client 86 model test loss after epoch 3: 98.85509997966894, test accuracy: 0.851967926276771
INFO: Client 87 model test loss after epoch 3: 25.87353841875125, test accuracy: 0.838958891062603
INFO: Client 88 model test loss after epoch 3: 237.7567400246411, test accuracy: 0.6209167782125206
INFO: Client 89 model test loss after epoch 3: 79.20259101984412, test accuracy: 0.6214605642504119
INFO: Client 90 model test loss after epoch 3: 309.51974946696936, test accuracy: 0.37412479406919275
INFO: Client 91 model test loss after epoch 3: 23.208511417406225, test accuracy: 0.7401507156095551
INFO: Client 92 model test loss after epoch 3: 36.313159734624904, test accuracy: 0.6143945634266886
INFO: Client 93 model test loss after epoch 3: 869.0610691060242, test accuracy: 0.19442120572487645
INFO: Client 94 model test loss after epoch 3: 164.58233025114328, test accuracy: 0.6297364085667215
INFO: Client 95 model test loss after epoch 3: 151.42431485901096, test accuracy: 0.7434810028830313
INFO: Client 96 model test loss after epoch 3: 35.60476475468407, test accuracy: 0.8965905580724877
INFO: Client 97 model test loss after epoch 3: 96.13510676638795, test accuracy: 0.52073465815486
INFO: Client 98 model test loss after epoch 3: 1608.5448474539317, test accuracy: 0.5551379736408567
INFO: Client 99 model test loss after epoch 3: 432.68144047462005, test accuracy: 0.8518424371911038
INFO: Global model checkpoint for epoch 3 saved!
INFO: Starting training for client 0 in epoch 4
INFO: Client 0 Validation loss: 0.020633297697725938, Validation accuracy: 0.97515625
INFO: Starting training for client 1 in epoch 4
INFO: Client 1 Validation loss: 2.5253423628481952, Validation accuracy: 0.9554332386363636
INFO: Starting training for client 2 in epoch 4
INFO: Client 2 Validation loss: 0.0008834966991155946, Validation accuracy: 0.995635775862069
INFO: Starting training for client 3 in epoch 4
INFO: Client 3 Validation loss: 0.02273404031681518, Validation accuracy: 0.6764322916666666
INFO: Starting training for client 4 in epoch 4
INFO: Client 4 Validation loss: 0.0011911373492269493, Validation accuracy: 0.9698275862068966
INFO: Starting training for client 5 in epoch 4
INFO: Client 5 Validation loss: 0.02582520106807351, Validation accuracy: 0.0703125
INFO: Starting training for client 6 in epoch 4
INFO: Client 6 Validation loss: 0.00394325618253788, Validation accuracy: 0.6328125
INFO: Starting training for client 7 in epoch 4
INFO: Client 7 Validation loss: 0.042980375389258065, Validation accuracy: 0.9498697916666666
INFO: Starting training for client 8 in epoch 4
INFO: Client 8 Validation loss: 0.002650146610903903, Validation accuracy: 0.901123046875
INFO: Starting training for client 9 in epoch 4
INFO: Client 9 Validation loss: 0.13654153174138628, Validation accuracy: 0.6875
INFO: Starting training for client 10 in epoch 4
INFO: Client 10 Validation loss: 1.0289168651215732, Validation accuracy: 0.9384765625
INFO: Starting training for client 11 in epoch 4
INFO: Client 11 Validation loss: 0.002223130558848888, Validation accuracy: 0.9871995192307692
INFO: Starting training for client 12 in epoch 4
INFO: Client 12 Validation loss: 268.66014464591524, Validation accuracy: 0.9995857007575758
INFO: Starting training for client 13 in epoch 4
INFO: Client 13 Validation loss: 0.0010618735550451674, Validation accuracy: 0.923828125
INFO: Starting training for client 14 in epoch 4
INFO: Client 14 Validation loss: 0.0064532934144760174, Validation accuracy: 0.7330729166666666
INFO: Starting training for client 15 in epoch 4
INFO: Client 15 Validation loss: 0.1409020502945747, Validation accuracy: 0.974609375
INFO: Starting training for client 16 in epoch 4
INFO: Client 16 Validation loss: 0.3821610674770337, Validation accuracy: 0.60546875
INFO: Starting training for client 17 in epoch 4
INFO: Client 17 Validation loss: 0.04774566425476223, Validation accuracy: 0.41015625
INFO: Starting training for client 18 in epoch 4
INFO: Client 18 Validation loss: 0.0, Validation accuracy: 0.880859375
INFO: Starting training for client 19 in epoch 4
INFO: Client 19 Validation loss: 0.0, Validation accuracy: 0.9850852272727273
INFO: Starting training for client 20 in epoch 4
INFO: Client 20 Validation loss: 0.06869714527463937, Validation accuracy: 0.91796875
INFO: Starting training for client 21 in epoch 4
INFO: Client 21 Validation loss: 0.39345040409170906, Validation accuracy: 0.95263671875
INFO: Starting training for client 22 in epoch 4
INFO: Client 22 Validation loss: 2.328305308968437e-09, Validation accuracy: 0.685546875
INFO: Starting training for client 23 in epoch 4
INFO: Client 23 Validation loss: 1.7542094155942322e-06, Validation accuracy: 0.999609375
INFO: Starting training for client 24 in epoch 4
INFO: Client 24 Validation loss: 0.1353771091089584, Validation accuracy: 0.8046875
INFO: Starting training for client 25 in epoch 4
INFO: Client 25 Validation loss: 0.07598352472414263, Validation accuracy: 0.97265625
INFO: Starting training for client 26 in epoch 4
INFO: Client 26 Validation loss: 0.012946294463804797, Validation accuracy: 0.9933363970588235
INFO: Starting training for client 27 in epoch 4
INFO: Client 27 Validation loss: 0.046852056469236104, Validation accuracy: 0.9613560267857143
INFO: Starting training for client 28 in epoch 4
INFO: Client 28 Validation loss: 0.0, Validation accuracy: 0.9905598958333334
INFO: Starting training for client 29 in epoch 4
INFO: Client 29 Validation loss: 0.0004835221470445071, Validation accuracy: 0.9877717391304348
INFO: Starting training for client 30 in epoch 4
INFO: Client 30 Validation loss: 0.009532653244232834, Validation accuracy: 0.9893043154761905
INFO: Starting training for client 31 in epoch 4
INFO: Client 31 Validation loss: 3.7097141423578397, Validation accuracy: 0.9944556451612904
INFO: Starting training for client 32 in epoch 4
INFO: Client 32 Validation loss: 0.06143310678784139, Validation accuracy: 0.9103338068181818
INFO: Starting training for client 33 in epoch 4
INFO: Client 33 Validation loss: 0.006889038231747691, Validation accuracy: 0.8291015625
INFO: Starting training for client 34 in epoch 4
INFO: Client 34 Validation loss: 2.7116230991656996e-06, Validation accuracy: 0.96123046875
INFO: Starting training for client 35 in epoch 4
INFO: Client 35 Validation loss: 0.026698979490902275, Validation accuracy: 0.16015625
INFO: Starting training for client 36 in epoch 4
INFO: Client 36 Validation loss: 0.026693890500220214, Validation accuracy: 0.9411272321428571
INFO: Starting training for client 37 in epoch 4
INFO: Client 37 Validation loss: 4.348043791510679e-06, Validation accuracy: 0.9939081101190477
INFO: Starting training for client 38 in epoch 4
INFO: Client 38 Validation loss: 2.6927862969586667e-07, Validation accuracy: 0.9260602678571429
INFO: Starting training for client 39 in epoch 4
INFO: Client 39 Validation loss: 0.02889035358093679, Validation accuracy: 0.94453125
INFO: Starting training for client 40 in epoch 4
INFO: Client 40 Validation loss: 55.491698048617764, Validation accuracy: 0.93212890625
INFO: Starting training for client 41 in epoch 4
INFO: Client 41 Validation loss: 0.34243562004782935, Validation accuracy: 0.9969815340909091
INFO: Starting training for client 42 in epoch 4
INFO: Client 42 Validation loss: 0.0, Validation accuracy: 0.9362980769230769
INFO: Starting training for client 43 in epoch 4
INFO: Client 43 Validation loss: 0.0, Validation accuracy: 0.9696800595238095
INFO: Starting training for client 44 in epoch 4
INFO: Client 44 Validation loss: 0.000688919036284737, Validation accuracy: 0.9962805706521739
INFO: Starting training for client 45 in epoch 4
INFO: Client 45 Validation loss: 0.3995823604054749, Validation accuracy: 0.357421875
INFO: Starting training for client 46 in epoch 4
INFO: Client 46 Validation loss: 0.0, Validation accuracy: 0.8797433035714286
INFO: Starting training for client 47 in epoch 4
INFO: Client 47 Validation loss: 0.0, Validation accuracy: 0.9691611842105263
INFO: Starting training for client 48 in epoch 4
INFO: Client 48 Validation loss: 0.0, Validation accuracy: 0.8716517857142857
INFO: Starting training for client 49 in epoch 4
INFO: Client 49 Validation loss: 0.0, Validation accuracy: 0.861328125
INFO: Starting training for client 50 in epoch 4
INFO: Client 50 Validation loss: 4.361144334552591e-09, Validation accuracy: 0.9981515066964286
INFO: Starting training for client 51 in epoch 4
INFO: Client 51 Validation loss: 0.00894851894939647, Validation accuracy: 0.9424402573529411
INFO: Starting training for client 52 in epoch 4
INFO: Client 52 Validation loss: 0.0, Validation accuracy: 0.9675958806818182
INFO: Starting training for client 53 in epoch 4
INFO: Client 53 Validation loss: 0.006864136861970454, Validation accuracy: 0.9212239583333334
INFO: Starting training for client 54 in epoch 4
INFO: Client 54 Validation loss: 0.0, Validation accuracy: 0.93505859375
INFO: Starting training for client 55 in epoch 4
INFO: Client 55 Validation loss: 0.0006959569559151691, Validation accuracy: 0.9906684027777778
INFO: Starting training for client 56 in epoch 4
INFO: Client 56 Validation loss: 0.007994349826400682, Validation accuracy: 0.9872886782786885
INFO: Starting training for client 57 in epoch 4
INFO: Client 57 Validation loss: 0.022801113538103362, Validation accuracy: 0.9166666666666666
INFO: Starting training for client 58 in epoch 4
INFO: Client 58 Validation loss: 0.0011500406021974525, Validation accuracy: 0.9998804209183674
INFO: Starting training for client 59 in epoch 4
INFO: Client 59 Validation loss: 1.232631513199281e-10, Validation accuracy: 0.9809857536764706
INFO: Starting training for client 60 in epoch 4
INFO: Client 60 Validation loss: 0.0, Validation accuracy: 0.994140625
INFO: Starting training for client 61 in epoch 4
INFO: Client 61 Validation loss: 23.990257622208446, Validation accuracy: 0.9114583333333334
INFO: Starting training for client 62 in epoch 4
INFO: Client 62 Validation loss: 196.8958521596761, Validation accuracy: 0.973828125
INFO: Starting training for client 63 in epoch 4
INFO: Client 63 Validation loss: 0.010812873545907657, Validation accuracy: 0.9767578125
INFO: Starting training for client 64 in epoch 4
INFO: Client 64 Validation loss: 0.0037620406747541388, Validation accuracy: 0.9318576388888888
INFO: Starting training for client 65 in epoch 4
INFO: Client 65 Validation loss: 0.005252972582456173, Validation accuracy: 0.9520399305555556
INFO: Starting training for client 66 in epoch 4
INFO: Client 66 Validation loss: 0.0, Validation accuracy: 0.906640625
INFO: Starting training for client 67 in epoch 4
INFO: Client 67 Validation loss: 29.81325914842652, Validation accuracy: 0.9421875
INFO: Starting training for client 68 in epoch 4
INFO: Client 68 Validation loss: 0.0, Validation accuracy: 0.03125
INFO: Starting training for client 69 in epoch 4
INFO: Client 69 Validation loss: 1.9736442043706024e-08, Validation accuracy: 0.9547776442307693
INFO: Starting training for client 70 in epoch 4
INFO: Client 70 Validation loss: 1.9886295646429062, Validation accuracy: 0.4326171875
INFO: Starting training for client 71 in epoch 4
INFO: Client 71 Validation loss: 12.021621442586184, Validation accuracy: 0.84765625
INFO: Starting training for client 72 in epoch 4
INFO: Client 72 Validation loss: 0.01966579416694003, Validation accuracy: 0.9716796875
INFO: Starting training for client 73 in epoch 4
INFO: Client 73 Validation loss: 17.25449262186885, Validation accuracy: 0.790625
INFO: Starting training for client 74 in epoch 4
INFO: Client 74 Validation loss: 0.0018238257487694165, Validation accuracy: 0.9273003472222222
INFO: Starting training for client 75 in epoch 4
INFO: Client 75 Validation loss: 0.0031847363758471703, Validation accuracy: 0.9690020161290323
INFO: Starting training for client 76 in epoch 4
INFO: Client 76 Validation loss: 0.022559200760566018, Validation accuracy: 0.9371744791666666
INFO: Starting training for client 77 in epoch 4
INFO: Client 77 Validation loss: 0.015675071825959303, Validation accuracy: 0.9924347310126582
INFO: Starting training for client 78 in epoch 4
INFO: Client 78 Validation loss: 0.036487461111391895, Validation accuracy: 0.322265625
INFO: Starting training for client 79 in epoch 4
INFO: Client 79 Validation loss: 9.558290518723267e-10, Validation accuracy: 0.9672080592105263
INFO: Starting training for client 80 in epoch 4
INFO: Client 80 Validation loss: 0.0, Validation accuracy: 0.9205078125
INFO: Starting training for client 81 in epoch 4
INFO: Client 81 Validation loss: 0.030818790806255204, Validation accuracy: 0.9840666118421053
INFO: Starting training for client 82 in epoch 4
INFO: Client 82 Validation loss: 2.328305484918961e-10, Validation accuracy: 0.9391741071428571
INFO: Starting training for client 83 in epoch 4
INFO: Client 83 Validation loss: 1.201705670456614e-10, Validation accuracy: 0.9933215725806451
INFO: Starting training for client 84 in epoch 4
INFO: Client 84 Validation loss: 0.06084512755028252, Validation accuracy: 0.9496527777777778
INFO: Starting training for client 85 in epoch 4
INFO: Client 85 Validation loss: 0.0935055688042361, Validation accuracy: 0.904052734375
INFO: Starting training for client 86 in epoch 4
INFO: Client 86 Validation loss: 0.01657613180577755, Validation accuracy: 0.517578125
INFO: Starting training for client 87 in epoch 4
INFO: Client 87 Validation loss: 1.9290244354554802e-05, Validation accuracy: 0.9988798253676471
INFO: Starting training for client 88 in epoch 4
INFO: Client 88 Validation loss: 0.13730271657307944, Validation accuracy: 0.9986979166666666
INFO: Starting training for client 89 in epoch 4
INFO: Client 89 Validation loss: 0.09747839841812882, Validation accuracy: 0.927734375
INFO: Starting training for client 90 in epoch 4
INFO: Client 90 Validation loss: 0.04746610855467485, Validation accuracy: 0.9907924107142857
INFO: Starting training for client 91 in epoch 4
INFO: Client 91 Validation loss: 7.101293142408593e-07, Validation accuracy: 0.419921875
INFO: Starting training for client 92 in epoch 4
INFO: Client 92 Validation loss: 0.003823567385901172, Validation accuracy: 0.982421875
INFO: Starting training for client 93 in epoch 4
INFO: Client 93 Validation loss: 0.006550571515265454, Validation accuracy: 0.9299665178571429
INFO: Starting training for client 94 in epoch 4
INFO: Client 94 Validation loss: 0.012597473338246346, Validation accuracy: 0.989013671875
INFO: Starting training for client 95 in epoch 4
INFO: Client 95 Validation loss: 0.0029554832985484863, Validation accuracy: 0.9918264180672269
INFO: Starting training for client 96 in epoch 4
INFO: Client 96 Validation loss: 0.0014160295542887608, Validation accuracy: 0.9965672348484849
INFO: Starting training for client 97 in epoch 4
INFO: Client 97 Validation loss: 0.24062783434055746, Validation accuracy: 0.880859375
INFO: Starting training for client 98 in epoch 4
INFO: Client 98 Validation loss: 16386.59548288465, Validation accuracy: 0.9417067307692307
INFO: Starting training for client 99 in epoch 4
INFO: Client 99 Validation loss: 0.04208055326336613, Validation accuracy: 0.98896484375
INFO: Global model test loss after epoch 4: 7.3725465325211275, test accuracy: 0.9058992740939045
INFO: Client 0 model test loss after epoch 4: 207.21118320891713, test accuracy: 0.9006995212108732
INFO: Client 1 model test loss after epoch 4: 393.7250847323534, test accuracy: 0.8499118358731467
INFO: Client 2 model test loss after epoch 4: 418.13542943185894, test accuracy: 0.9150310183278418
INFO: Client 3 model test loss after epoch 4: 46.094638818187185, test accuracy: 0.5453916546540363
INFO: Client 4 model test loss after epoch 4: 1223.6590848856597, test accuracy: 0.7834154911449753
INFO: Client 5 model test loss after epoch 4: 14.413943189870729, test accuracy: 0.7268874845551895
INFO: Client 6 model test loss after epoch 4: 40.81330716157695, test accuracy: 0.7256358113673805
INFO: Client 7 model test loss after epoch 4: 243.95632787488265, test accuracy: 0.7224277955107083
INFO: Client 8 model test loss after epoch 4: 65.67991373867982, test accuracy: 0.8965197693574959
INFO: Client 9 model test loss after epoch 4: 23.872474668494817, test accuracy: 0.63792215815486
INFO: Client 10 model test loss after epoch 4: 192.1891522101891, test accuracy: 0.5374987129324547
INFO: Client 11 model test loss after epoch 4: 24.554148367105107, test accuracy: 0.8119176019357496
INFO: Client 12 model test loss after epoch 4: 372.8722735164293, test accuracy: 0.9087372580313015
INFO: Client 13 model test loss after epoch 4: 14.463304474363277, test accuracy: 0.663521931630972
INFO: Client 14 model test loss after epoch 4: 204.2327954803004, test accuracy: 0.6015914590197694
INFO: Client 15 model test loss after epoch 4: 137.7870264833448, test accuracy: 0.6300935698105437
INFO: Client 16 model test loss after epoch 4: 7.208863945724616, test accuracy: 0.6993184977347611
INFO: Client 17 model test loss after epoch 4: 4.043209438078081, test accuracy: 0.7038843698517299
INFO: Client 18 model test loss after epoch 4: 303.7765140217188, test accuracy: 0.7389891371499177
INFO: Client 19 model test loss after epoch 4: 253.56021698520036, test accuracy: 0.8018591690691927
INFO: Client 20 model test loss after epoch 4: 96.49329050745565, test accuracy: 0.6274003809719935
INFO: Client 21 model test loss after epoch 4: 102.89758635876325, test accuracy: 0.9213859143327842
INFO: Client 22 model test loss after epoch 4: 39.688607599436494, test accuracy: 0.7385386635090609
INFO: Client 23 model test loss after epoch 4: 113.69305376361196, test accuracy: 0.7358519100082372
INFO: Client 24 model test loss after epoch 4: 105.89179924853246, test accuracy: 0.9114690588962109
INFO: Client 25 model test loss after epoch 4: 95.34183010895987, test accuracy: 0.6714438323723229
INFO: Client 26 model test loss after epoch 4: 236.40024947322001, test accuracy: 0.7642607084019769
INFO: Client 27 model test loss after epoch 4: 146.59173225292923, test accuracy: 0.7381815022652389
INFO: Client 28 model test loss after epoch 4: 353.6912354594695, test accuracy: 0.7405110945222405
INFO: Client 29 model test loss after epoch 4: 393.62293403076916, test accuracy: 0.8041276256177924
INFO: Client 30 model test loss after epoch 4: 61.31906586990781, test accuracy: 0.8858049320428336
INFO: Client 31 model test loss after epoch 4: 50.7117057292645, test accuracy: 0.5056888385502472
INFO: Client 32 model test loss after epoch 4: 1936.4519941775739, test accuracy: 0.7428760811367381
INFO: Client 33 model test loss after epoch 4: 51.07540460385167, test accuracy: 0.7306425041186162
INFO: Client 34 model test loss after epoch 4: 993.6372709111675, test accuracy: 0.6174191721581549
INFO: Client 35 model test loss after epoch 4: 4.859851847772069, test accuracy: 0.7267072950988468
INFO: Client 36 model test loss after epoch 4: 188.43706714824833, test accuracy: 0.7535877007825371
INFO: Client 37 model test loss after epoch 4: 38.97841013409812, test accuracy: 0.7793161810131796
INFO: Client 38 model test loss after epoch 4: 72.24628510801195, test accuracy: 0.7505148270181219
INFO: Client 39 model test loss after epoch 4: 132.98795006409176, test accuracy: 0.5543818214579901
INFO: Client 40 model test loss after epoch 4: 45.701244157465496, test accuracy: 0.6380412119028006
INFO: Client 41 model test loss after epoch 4: 1317.2328376234648, test accuracy: 0.6237193677924218
INFO: Client 42 model test loss after epoch 4: 167.25560136466174, test accuracy: 0.7403727347611203
INFO: Client 43 model test loss after epoch 4: 102.07825081383163, test accuracy: 0.7355655374794069
INFO: Client 44 model test loss after epoch 4: 165.06658959814516, test accuracy: 0.7425704025947282
INFO: Client 45 model test loss after epoch 4: 27.845130690319074, test accuracy: 0.7381621962520593
INFO: Client 46 model test loss after epoch 4: 1216.3668502636585, test accuracy: 0.19871035831960462
INFO: Client 47 model test loss after epoch 4: 217.91386934591418, test accuracy: 0.6809777852141681
INFO: Client 48 model test loss after epoch 4: 298.78022443909214, test accuracy: 0.6208331188220758
INFO: Client 49 model test loss after epoch 4: 980.730488392072, test accuracy: 0.4441895335667216
INFO: Client 50 model test loss after epoch 4: 614.3403809301567, test accuracy: 0.6206432763591433
INFO: Client 51 model test loss after epoch 4: 951.9817843439807, test accuracy: 0.6238931219110379
INFO: Client 52 model test loss after epoch 4: 98.47955325268275, test accuracy: 0.7724528933278418
INFO: Client 53 model test loss after epoch 4: 1298.5673266116823, test accuracy: 0.7048786295304778
INFO: Client 54 model test loss after epoch 4: 1122.2458219165692, test accuracy: 0.622654319398682
INFO: Client 55 model test loss after epoch 4: 461.60909375553376, test accuracy: 0.9072539126853377
INFO: Client 56 model test loss after epoch 4: 226.6925353846578, test accuracy: 0.6780239651976936
INFO: Client 57 model test loss after epoch 4: 68.82818191768528, test accuracy: 0.8625765805189456
INFO: Client 58 model test loss after epoch 4: 52.70993718596927, test accuracy: 0.6767175916392092
INFO: Client 59 model test loss after epoch 4: 86.798842926054, test accuracy: 0.7205905065897859
INFO: Client 60 model test loss after epoch 4: 12.602588311347798, test accuracy: 0.7194514518121911
INFO: Client 61 model test loss after epoch 4: 32.11431455373641, test accuracy: 0.6215506589785832
INFO: Client 62 model test loss after epoch 4: 84.94992107599418, test accuracy: 0.7253558741762768
INFO: Client 63 model test loss after epoch 4: 313.33704584977653, test accuracy: 0.6215764003294892
INFO: Client 64 model test loss after epoch 4: 379.8681863793482, test accuracy: 0.7120122014003295
INFO: Client 65 model test loss after epoch 4: 417.138662279642, test accuracy: 0.7001969213344317
INFO: Client 66 model test loss after epoch 4: 60.32918682445606, test accuracy: 0.6239832166392092
INFO: Client 67 model test loss after epoch 4: 103.04905857313513, test accuracy: 0.7241846427100495
INFO: Client 68 model test loss after epoch 4: 30.49430952299974, test accuracy: 0.7262857804777595
INFO: Client 69 model test loss after epoch 4: 1185.6074839863638, test accuracy: 0.6234490836079077
INFO: Client 70 model test loss after epoch 4: 38.37298421057791, test accuracy: 0.1532414796128501
INFO: Client 71 model test loss after epoch 4: 1257.448827860519, test accuracy: 0.8010772755354201
INFO: Client 72 model test loss after epoch 4: 72.48599408283391, test accuracy: 0.6172969007413509
INFO: Client 73 model test loss after epoch 4: 1236.1049154973878, test accuracy: 0.7908129118616145
INFO: Client 74 model test loss after epoch 4: 1029.6752415719582, test accuracy: 0.8340905580724877
INFO: Client 75 model test loss after epoch 4: 259.5190723083596, test accuracy: 0.7266011120263591
INFO: Client 76 model test loss after epoch 4: 65.90202325397603, test accuracy: 0.76352386223229
INFO: Client 77 model test loss after epoch 4: 319.96113970556024, test accuracy: 0.9193394769357496
INFO: Client 78 model test loss after epoch 4: 47.75765420540052, test accuracy: 0.7216040722817133
INFO: Client 79 model test loss after epoch 4: 901.1592908701882, test accuracy: 0.7724721993410214
INFO: Client 80 model test loss after epoch 4: 2048.65976553146, test accuracy: 0.7988828253706755
INFO: Client 81 model test loss after epoch 4: 26.63181028087367, test accuracy: 0.7228428747940692
INFO: Client 82 model test loss after epoch 4: 5415.721030093257, test accuracy: 0.37995199238056016
INFO: Client 83 model test loss after epoch 4: 3161.0746881611426, test accuracy: 0.5534004324546952
INFO: Client 84 model test loss after epoch 4: 298.896378892574, test accuracy: 0.7974863570840197
INFO: Client 85 model test loss after epoch 4: 590.8727407407114, test accuracy: 0.48234143327841844
INFO: Client 86 model test loss after epoch 4: 81.3833954930079, test accuracy: 0.804822642092257
INFO: Client 87 model test loss after epoch 4: 15.054106354730257, test accuracy: 0.8330158566721582
INFO: Client 88 model test loss after epoch 4: 699.2834615076468, test accuracy: 0.6203858628500823
INFO: Client 89 model test loss after epoch 4: 113.77248713751733, test accuracy: 0.6217598074546952
INFO: Client 90 model test loss after epoch 4: 309.8897088008891, test accuracy: 0.5586162736820428
INFO: Client 91 model test loss after epoch 4: 10.36609302628424, test accuracy: 0.7251145490115322
INFO: Client 92 model test loss after epoch 4: 84.33964642449891, test accuracy: 0.6241569707578254
INFO: Client 93 model test loss after epoch 4: 863.9906696951695, test accuracy: 0.19442120572487645
INFO: Client 94 model test loss after epoch 4: 130.8311690157881, test accuracy: 0.6357759730230642
INFO: Client 95 model test loss after epoch 4: 288.00762382494725, test accuracy: 0.7207127780065898
INFO: Client 96 model test loss after epoch 4: 83.05860235737308, test accuracy: 0.8115057403212521
INFO: Client 97 model test loss after epoch 4: 30.149341730404934, test accuracy: 0.7395361408566722
INFO: Client 98 model test loss after epoch 4: 433.5763993466163, test accuracy: 0.5550221375617792
INFO: Client 99 model test loss after epoch 4: 406.6850301553779, test accuracy: 0.8536700731054365
INFO: Global model checkpoint for epoch 4 saved!
INFO: Starting training for client 0 in epoch 5
INFO: Client 0 Validation loss: 0.019714729858838497, Validation accuracy: 0.975
INFO: Starting training for client 1 in epoch 5
INFO: Client 1 Validation loss: 0.6417939938096837, Validation accuracy: 0.9588068181818182
INFO: Starting training for client 2 in epoch 5
INFO: Client 2 Validation loss: 0.0015914397264764533, Validation accuracy: 0.9956223060344828
INFO: Starting training for client 3 in epoch 5
INFO: Client 3 Validation loss: 0.029632750743379194, Validation accuracy: 0.67578125
INFO: Starting training for client 4 in epoch 5
INFO: Client 4 Validation loss: 0.011295274502791816, Validation accuracy: 0.9698275862068966
INFO: Starting training for client 5 in epoch 5
INFO: Client 5 Validation loss: 0.0240429297555238, Validation accuracy: 0.0703125
INFO: Starting training for client 6 in epoch 5
INFO: Client 6 Validation loss: 0.00391379475058784, Validation accuracy: 0.6328125
INFO: Starting training for client 7 in epoch 5
INFO: Client 7 Validation loss: 0.050883655746777855, Validation accuracy: 0.9488932291666666
INFO: Starting training for client 8 in epoch 5
INFO: Client 8 Validation loss: 0.0, Validation accuracy: 0.9013671875
INFO: Starting training for client 9 in epoch 5
INFO: Client 9 Validation loss: 0.17158414726145566, Validation accuracy: 0.72265625
INFO: Starting training for client 10 in epoch 5
INFO: Client 10 Validation loss: 0.14690914750099182, Validation accuracy: 0.9404296875
INFO: Starting training for client 11 in epoch 5
INFO: Client 11 Validation loss: 0.009294316709666907, Validation accuracy: 0.9869891826923077
INFO: Starting training for client 12 in epoch 5
INFO: Client 12 Validation loss: 0.031196824926958085, Validation accuracy: 0.9988162878787878
INFO: Starting training for client 13 in epoch 5
INFO: Client 13 Validation loss: 0.0036296629486969323, Validation accuracy: 0.923828125
INFO: Starting training for client 14 in epoch 5
INFO: Client 14 Validation loss: 0.0, Validation accuracy: 0.7337239583333334
INFO: Starting training for client 15 in epoch 5
INFO: Client 15 Validation loss: 0.02353130743611845, Validation accuracy: 0.9747869318181818
INFO: Starting training for client 16 in epoch 5
INFO: Client 16 Validation loss: 0.20045647708684555, Validation accuracy: 0.6025390625
INFO: Starting training for client 17 in epoch 5
INFO: Client 17 Validation loss: 0.015841224929317832, Validation accuracy: 0.421875
INFO: Starting training for client 18 in epoch 5
INFO: Client 18 Validation loss: 0.8998112063854933, Validation accuracy: 0.869140625
INFO: Starting training for client 19 in epoch 5
INFO: Client 19 Validation loss: 0.0, Validation accuracy: 0.9850852272727273
INFO: Starting training for client 20 in epoch 5
INFO: Client 20 Validation loss: 0.1334792750357868, Validation accuracy: 0.9176432291666666
INFO: Starting training for client 21 in epoch 5
INFO: Client 21 Validation loss: 0.6473911750072148, Validation accuracy: 0.9581298828125
INFO: Starting training for client 22 in epoch 5
INFO: Client 22 Validation loss: 3.4514657099027346e-07, Validation accuracy: 0.685546875
INFO: Starting training for client 23 in epoch 5
INFO: Client 23 Validation loss: 0.01660643093569549, Validation accuracy: 0.99921875
INFO: Starting training for client 24 in epoch 5
INFO: Client 24 Validation loss: 0.03474601497873664, Validation accuracy: 0.8046875
INFO: Starting training for client 25 in epoch 5
INFO: Client 25 Validation loss: 0.025934716933988966, Validation accuracy: 0.971484375
INFO: Starting training for client 26 in epoch 5
INFO: Client 26 Validation loss: 0.004582629217218379, Validation accuracy: 0.9935087316176471
INFO: Starting training for client 27 in epoch 5
INFO: Client 27 Validation loss: 4.0761441510796444e-08, Validation accuracy: 0.9621930803571429
INFO: Starting training for client 28 in epoch 5
INFO: Client 28 Validation loss: 1.0496442826024577e-08, Validation accuracy: 0.9905598958333334
INFO: Starting training for client 29 in epoch 5
INFO: Client 29 Validation loss: 0.7651329198438179, Validation accuracy: 0.9876019021739131
INFO: Starting training for client 30 in epoch 5
INFO: Client 30 Validation loss: 0.01668292316715598, Validation accuracy: 0.9893043154761905
INFO: Starting training for client 31 in epoch 5
INFO: Client 31 Validation loss: 0.019484665723224784, Validation accuracy: 0.9943611391129032
INFO: Starting training for client 32 in epoch 5
INFO: Client 32 Validation loss: 8.04322344838404e-10, Validation accuracy: 0.9106889204545454
INFO: Starting training for client 33 in epoch 5
INFO: Client 33 Validation loss: 0.00105676759134532, Validation accuracy: 0.8310546875
INFO: Starting training for client 34 in epoch 5
INFO: Client 34 Validation loss: 0.000577624721179624, Validation accuracy: 0.96103515625
INFO: Starting training for client 35 in epoch 5
INFO: Client 35 Validation loss: 29.781544774770737, Validation accuracy: 0.154296875
INFO: Starting training for client 36 in epoch 5
INFO: Client 36 Validation loss: 42.698304159481616, Validation accuracy: 0.9416852678571429
INFO: Starting training for client 37 in epoch 5
INFO: Client 37 Validation loss: 0.002212964179479104, Validation accuracy: 0.9938616071428571
INFO: Starting training for client 38 in epoch 5
INFO: Client 38 Validation loss: 0.0016566079907371595, Validation accuracy: 0.92578125
INFO: Starting training for client 39 in epoch 5
INFO: Client 39 Validation loss: 0.05212615922635564, Validation accuracy: 0.943359375
INFO: Starting training for client 40 in epoch 5
INFO: Client 40 Validation loss: 104.97146322923629, Validation accuracy: 0.93359375
INFO: Starting training for client 41 in epoch 5
INFO: Client 41 Validation loss: 0.0002603403250196302, Validation accuracy: 0.9969815340909091
INFO: Starting training for client 42 in epoch 5
INFO: Client 42 Validation loss: 0.0, Validation accuracy: 0.9362980769230769
INFO: Starting training for client 43 in epoch 5
INFO: Client 43 Validation loss: 0.0, Validation accuracy: 0.9696800595238095
INFO: Starting training for client 44 in epoch 5
INFO: Client 44 Validation loss: 0.0005005725375984026, Validation accuracy: 0.9962466032608696
INFO: Starting training for client 45 in epoch 5
INFO: Client 45 Validation loss: 0.1195973299909383, Validation accuracy: 0.349609375
INFO: Starting training for client 46 in epoch 5
INFO: Client 46 Validation loss: 0.003844374477401808, Validation accuracy: 0.8794642857142857
INFO: Starting training for client 47 in epoch 5
INFO: Client 47 Validation loss: 5.1376442187526996e-05, Validation accuracy: 0.9691611842105263
INFO: Starting training for client 48 in epoch 5
INFO: Client 48 Validation loss: 0.027206701891762868, Validation accuracy: 0.8713727678571429
INFO: Starting training for client 49 in epoch 5
INFO: Client 49 Validation loss: 3.027513198124628e-05, Validation accuracy: 0.861328125
INFO: Starting training for client 50 in epoch 5
INFO: Client 50 Validation loss: 0.0, Validation accuracy: 0.9981515066964286
INFO: Starting training for client 51 in epoch 5
INFO: Client 51 Validation loss: 0.0, Validation accuracy: 0.9425551470588235
INFO: Starting training for client 52 in epoch 5
INFO: Client 52 Validation loss: 3.4561399398956964e-08, Validation accuracy: 0.9675958806818182
INFO: Starting training for client 53 in epoch 5
INFO: Client 53 Validation loss: 0.017435382430752117, Validation accuracy: 0.9205729166666666
INFO: Starting training for client 54 in epoch 5
INFO: Client 54 Validation loss: 0.09674367286243069, Validation accuracy: 0.92529296875
INFO: Starting training for client 55 in epoch 5
INFO: Client 55 Validation loss: 1.599589946664988e-05, Validation accuracy: 0.9907614087301587
INFO: Starting training for client 56 in epoch 5
INFO: Client 56 Validation loss: 0.08718164611233446, Validation accuracy: 0.9870645491803278
INFO: Starting training for client 57 in epoch 5
INFO: Client 57 Validation loss: 146.1209969073534, Validation accuracy: 0.7080078125
INFO: Starting training for client 58 in epoch 5
INFO: Client 58 Validation loss: 0.0, Validation accuracy: 0.9999202806122449
INFO: Starting training for client 59 in epoch 5
INFO: Client 59 Validation loss: 17.606585334329043, Validation accuracy: 0.9809283088235294
INFO: Starting training for client 60 in epoch 5
INFO: Client 60 Validation loss: 0.0, Validation accuracy: 0.994140625
INFO: Starting training for client 61 in epoch 5
INFO: Client 61 Validation loss: 0.14440075020926693, Validation accuracy: 0.9114583333333334
INFO: Starting training for client 62 in epoch 5
INFO: Client 62 Validation loss: 0.10085275843739509, Validation accuracy: 0.975
INFO: Starting training for client 63 in epoch 5
INFO: Client 63 Validation loss: 0.025821020882965954, Validation accuracy: 0.9767578125
INFO: Starting training for client 64 in epoch 5
INFO: Client 64 Validation loss: 0.0, Validation accuracy: 0.9322916666666666
INFO: Starting training for client 65 in epoch 5
INFO: Client 65 Validation loss: 0.06936168327835585, Validation accuracy: 0.951171875
INFO: Starting training for client 66 in epoch 5
INFO: Client 66 Validation loss: 0.0, Validation accuracy: 0.906640625
INFO: Starting training for client 67 in epoch 5
INFO: Client 67 Validation loss: 1.699611648457259e-08, Validation accuracy: 0.942578125
INFO: Starting training for client 68 in epoch 5
INFO: Client 68 Validation loss: 0.0, Validation accuracy: 0.03125
INFO: Starting training for client 69 in epoch 5
INFO: Client 69 Validation loss: 0.005732273191876713, Validation accuracy: 0.9543269230769231
INFO: Starting training for client 70 in epoch 5
INFO: Client 70 Validation loss: 10872.136817008257, Validation accuracy: 0.53125
INFO: Starting training for client 71 in epoch 5
INFO: Client 71 Validation loss: 7.797199499979615, Validation accuracy: 0.86796875
INFO: Starting training for client 72 in epoch 5
INFO: Client 72 Validation loss: 0.017298054252023576, Validation accuracy: 0.9700520833333334
INFO: Starting training for client 73 in epoch 5
INFO: Client 73 Validation loss: 1.89811110496521, Validation accuracy: 0.80078125
INFO: Starting training for client 74 in epoch 5
INFO: Client 74 Validation loss: 0.01072207595037374, Validation accuracy: 0.923828125
INFO: Starting training for client 75 in epoch 5
INFO: Client 75 Validation loss: 0.0, Validation accuracy: 0.9691280241935484
INFO: Starting training for client 76 in epoch 5
INFO: Client 76 Validation loss: 364.6946111202354, Validation accuracy: 0.9397786458333334
INFO: Starting training for client 77 in epoch 5
INFO: Client 77 Validation loss: 0.005078185805170917, Validation accuracy: 0.9927561313291139
INFO: Starting training for client 78 in epoch 5
INFO: Client 78 Validation loss: 0.02083279163343832, Validation accuracy: 0.322265625
INFO: Starting training for client 79 in epoch 5
INFO: Client 79 Validation loss: 0.0, Validation accuracy: 0.9672080592105263
INFO: Starting training for client 80 in epoch 5
INFO: Client 80 Validation loss: 0.0, Validation accuracy: 0.9205078125
INFO: Starting training for client 81 in epoch 5
INFO: Client 81 Validation loss: 0.0316403856279641, Validation accuracy: 0.983655427631579
INFO: Starting training for client 82 in epoch 5
INFO: Client 82 Validation loss: 3.940818203318486e-06, Validation accuracy: 0.9391741071428571
INFO: Starting training for client 83 in epoch 5
INFO: Client 83 Validation loss: 0.010519503288200014, Validation accuracy: 0.993132560483871
INFO: Starting training for client 84 in epoch 5
INFO: Client 84 Validation loss: 0.032148723195639245, Validation accuracy: 0.9498697916666666
INFO: Starting training for client 85 in epoch 5
INFO: Client 85 Validation loss: 0.04965189293397998, Validation accuracy: 0.90478515625
INFO: Starting training for client 86 in epoch 5
INFO: Client 86 Validation loss: 1.5980110532609615e-06, Validation accuracy: 0.51953125
INFO: Starting training for client 87 in epoch 5
INFO: Client 87 Validation loss: 0.0006137879141771907, Validation accuracy: 0.9987362132352942
INFO: Starting training for client 88 in epoch 5
INFO: Client 88 Validation loss: 0.0, Validation accuracy: 0.9993489583333334
INFO: Starting training for client 89 in epoch 5
INFO: Client 89 Validation loss: 0.05032752300030552, Validation accuracy: 0.927734375
INFO: Starting training for client 90 in epoch 5
INFO: Client 90 Validation loss: 0.036048160058271606, Validation accuracy: 0.9920479910714286
INFO: Starting training for client 91 in epoch 5
INFO: Client 91 Validation loss: 0.00011136510693177115, Validation accuracy: 0.419921875
INFO: Starting training for client 92 in epoch 5
INFO: Client 92 Validation loss: 0.007197774698520139, Validation accuracy: 0.9823404947916666
INFO: Starting training for client 93 in epoch 5
INFO: Client 93 Validation loss: 0.15257796219417027, Validation accuracy: 0.9296875
INFO: Starting training for client 94 in epoch 5
INFO: Client 94 Validation loss: 0.0, Validation accuracy: 0.9892578125
INFO: Starting training for client 95 in epoch 5
INFO: Client 95 Validation loss: 0.00220559349139265, Validation accuracy: 0.9918428308823529
INFO: Starting training for client 96 in epoch 5
INFO: Client 96 Validation loss: 0.007592331963632825, Validation accuracy: 0.9964883207070707
INFO: Starting training for client 97 in epoch 5
INFO: Client 97 Validation loss: 0.12736903701443225, Validation accuracy: 0.888671875
INFO: Starting training for client 98 in epoch 5
INFO: Client 98 Validation loss: 8687.407298567761, Validation accuracy: 0.9456129807692307
INFO: Starting training for client 99 in epoch 5
INFO: Client 99 Validation loss: 0.026608892025299542, Validation accuracy: 0.98896484375
INFO: Global model test loss after epoch 5: 16.867213060192714, test accuracy: 0.7274087469110379
INFO: Client 0 model test loss after epoch 5: 330.7827306090545, test accuracy: 0.9017066515650741
INFO: Client 1 model test loss after epoch 5: 257.34412808873617, test accuracy: 0.6696837675041186
INFO: Client 2 model test loss after epoch 5: 707.3470863194193, test accuracy: 0.9142137304365733
INFO: Client 3 model test loss after epoch 5: 45.22584545050092, test accuracy: 0.6104303953871499
INFO: Client 4 model test loss after epoch 5: 881.8436961962875, test accuracy: 0.8634067390856672
INFO: Client 5 model test loss after epoch 5: 13.530816084211775, test accuracy: 0.8849072024299836
INFO: Client 6 model test loss after epoch 5: 90.24586999854161, test accuracy: 0.7374607444398682
INFO: Client 7 model test loss after epoch 5: 311.9460946613619, test accuracy: 0.6896397497940692
INFO: Client 8 model test loss after epoch 5: 22.6647544810729, test accuracy: 0.7252336027594728
INFO: Client 9 model test loss after epoch 5: 12.301959263186909, test accuracy: 0.6919403830313015
INFO: Client 10 model test loss after epoch 5: 101.02475192547385, test accuracy: 0.5410735430395387
INFO: Client 11 model test loss after epoch 5: 13.56614413734452, test accuracy: 0.8758912942751236
INFO: Client 12 model test loss after epoch 5: 219.77270927058998, test accuracy: 0.9064076657742999
INFO: Client 13 model test loss after epoch 5: 7.630777809962075, test accuracy: 0.8343254478995058
INFO: Client 14 model test loss after epoch 5: 176.48166456248157, test accuracy: 0.7744092359967051
INFO: Client 15 model test loss after epoch 5: 80.06593996503956, test accuracy: 0.9009537170510709
INFO: Client 16 model test loss after epoch 5: 3.3536342369105716, test accuracy: 0.80528920407743
INFO: Client 17 model test loss after epoch 5: 1.9432202665645868, test accuracy: 0.9003391422981878
INFO: Client 18 model test loss after epoch 5: 512.5706583209532, test accuracy: 0.6981762252883031
INFO: Client 19 model test loss after epoch 5: 495.83325278561165, test accuracy: 0.7994491350906096
INFO: Client 20 model test loss after epoch 5: 70.42355930494304, test accuracy: 0.6333337623558485
INFO: Client 21 model test loss after epoch 5: 26.522817786967636, test accuracy: 0.803078665568369
INFO: Client 22 model test loss after epoch 5: 27.51367640927786, test accuracy: 0.7427119800247117
INFO: Client 23 model test loss after epoch 5: 90.80415407374568, test accuracy: 0.7128037479406919
INFO: Client 24 model test loss after epoch 5: 68.84610015500137, test accuracy: 0.8990166803953872
INFO: Client 25 model test loss after epoch 5: 52.72702275257082, test accuracy: 0.7199405374794069
INFO: Client 26 model test loss after epoch 5: 111.66296274083057, test accuracy: 0.7383713447281713
INFO: Client 27 model test loss after epoch 5: 118.6421737031807, test accuracy: 0.7366048445222405
INFO: Client 28 model test loss after epoch 5: 313.6652887969074, test accuracy: 0.7375991042009885
INFO: Client 29 model test loss after epoch 5: 1145.151152098721, test accuracy: 0.8030979715815486
INFO: Client 30 model test loss after epoch 5: 102.10934192059443, test accuracy: 0.8802383649093904
INFO: Client 31 model test loss after epoch 5: 26.438203937863527, test accuracy: 0.6196104046540363
INFO: Client 32 model test loss after epoch 5: 275.585442530973, test accuracy: 0.8718112901565074
INFO: Client 33 model test loss after epoch 5: 17.759374536064115, test accuracy: 0.7703968029242174
INFO: Client 34 model test loss after epoch 5: 355.8396999875767, test accuracy: 0.6743043399917628
INFO: Client 35 model test loss after epoch 5: 6.640103807964334, test accuracy: 0.9035889878500823
INFO: Client 36 model test loss after epoch 5: 126.09457994772502, test accuracy: 0.7037363570840197
INFO: Client 37 model test loss after epoch 5: 64.53347638892724, test accuracy: 0.7222669120675453
INFO: Client 38 model test loss after epoch 5: 64.8991065693637, test accuracy: 0.6337874536655683
INFO: Client 39 model test loss after epoch 5: 40.17128565926149, test accuracy: 0.2001068266062603
INFO: Client 40 model test loss after epoch 5: 57.43479878251031, test accuracy: 0.6730011841021417
INFO: Client 41 model test loss after epoch 5: 462.47089940170537, test accuracy: 0.7247252110790774
INFO: Client 42 model test loss after epoch 5: 53.04329013704247, test accuracy: 0.7399061727759473
INFO: Client 43 model test loss after epoch 5: 227.3952734926823, test accuracy: 0.620627188014827
INFO: Client 44 model test loss after epoch 5: 50.72763865413196, test accuracy: 0.7249214888797364
INFO: Client 45 model test loss after epoch 5: 27.187923659183276, test accuracy: 0.7397420716639209
INFO: Client 46 model test loss after epoch 5: 211.67050542073434, test accuracy: 0.1985172981878089
INFO: Client 47 model test loss after epoch 5: 102.46062706759568, test accuracy: 0.8048612541186162
INFO: Client 48 model test loss after epoch 5: 503.79615548110866, test accuracy: 0.6209746962520593
INFO: Client 49 model test loss after epoch 5: 909.4719432242655, test accuracy: 0.4444759060955519
INFO: Client 50 model test loss after epoch 5: 297.0565449592791, test accuracy: 0.6294822127265239
INFO: Client 51 model test loss after epoch 5: 1160.9847101574487, test accuracy: 0.6234555189456342
INFO: Client 52 model test loss after epoch 5: 48.61434240662112, test accuracy: 0.6986106105848435
INFO: Client 53 model test loss after epoch 5: 1065.9588411615357, test accuracy: 0.7993332990115322
INFO: Client 54 model test loss after epoch 5: 781.866466163858, test accuracy: 0.6218724258649094
INFO: Client 55 model test loss after epoch 5: 144.7148070947513, test accuracy: 0.6299616453871499
INFO: Client 56 model test loss after epoch 5: 137.99073294195628, test accuracy: 0.632934771416804
INFO: Client 57 model test loss after epoch 5: 89.39856326248618, test accuracy: 0.7374671797775947
INFO: Client 58 model test loss after epoch 5: 325.1699129208194, test accuracy: 0.7345487541186162
INFO: Client 59 model test loss after epoch 5: 88.04953885132514, test accuracy: 0.7265271056425041
INFO: Client 60 model test loss after epoch 5: 18.699928125703668, test accuracy: 0.7231389003294892
INFO: Client 61 model test loss after epoch 5: 23.5011369336721, test accuracy: 0.6214058638797364
INFO: Client 62 model test loss after epoch 5: 114.37234655762444, test accuracy: 0.7223441361202636
INFO: Client 63 model test loss after epoch 5: 403.50357215245555, test accuracy: 0.6234233422570017
INFO: Client 64 model test loss after epoch 5: 1122.261070958415, test accuracy: 0.6201509730230642
INFO: Client 65 model test loss after epoch 5: 462.6280908599911, test accuracy: 0.19731389003294894
INFO: Client 66 model test loss after epoch 5: 42.66108888909977, test accuracy: 0.726758777800659
INFO: Client 67 model test loss after epoch 5: 166.09600548884816, test accuracy: 0.7118287942751236
INFO: Client 68 model test loss after epoch 5: 8.073128021512606, test accuracy: 0.7284062242586491
INFO: Client 69 model test loss after epoch 5: 1051.766559131239, test accuracy: 0.7271095037067545
INFO: Client 70 model test loss after epoch 5: 31.265531596254085, test accuracy: 0.4229497014003295
INFO: Client 71 model test loss after epoch 5: 1914.0756346709018, test accuracy: 0.39391989291598023
INFO: Client 72 model test loss after epoch 5: 25.54301126161043, test accuracy: 0.6219528675864909
INFO: Client 73 model test loss after epoch 5: 1169.0265455136732, test accuracy: 0.7980237077841845
INFO: Client 74 model test loss after epoch 5: 1061.6589430351135, test accuracy: 0.7967462932454695
INFO: Client 75 model test loss after epoch 5: 699.461995040816, test accuracy: 0.6717141165568369
INFO: Client 76 model test loss after epoch 5: 40.9808765497024, test accuracy: 0.5701516165568369
INFO: Client 77 model test loss after epoch 5: 510.41270900113403, test accuracy: 0.8306669584019769
INFO: Client 78 model test loss after epoch 5: 36.123958273327105, test accuracy: 0.7425736202635914
INFO: Client 79 model test loss after epoch 5: 698.1068717981497, test accuracy: 0.7729130199752883
INFO: Client 80 model test loss after epoch 5: 1703.7815533904784, test accuracy: 0.7980269254530478
INFO: Client 81 model test loss after epoch 5: 28.7184292377706, test accuracy: 0.7919423136326195
INFO: Client 82 model test loss after epoch 5: 4521.5894309072855, test accuracy: 0.5537962057248764
INFO: Client 83 model test loss after epoch 5: 1722.244457283825, test accuracy: 0.5534712211696869
INFO: Client 84 model test loss after epoch 5: 511.99667334439187, test accuracy: 0.7997065485996705
INFO: Client 85 model test loss after epoch 5: 315.3526229098549, test accuracy: 0.7194192751235585
INFO: Client 86 model test loss after epoch 5: 87.65095107692447, test accuracy: 0.8917350957578254
INFO: Client 87 model test loss after epoch 5: 6.624317197702663, test accuracy: 0.9101723383443163
INFO: Client 88 model test loss after epoch 5: 345.145443287613, test accuracy: 0.6209264312191104
INFO: Client 89 model test loss after epoch 5: 92.92474657844282, test accuracy: 0.690251106878089
INFO: Client 90 model test loss after epoch 5: 250.95297057061345, test accuracy: 0.6205917936573312
INFO: Client 91 model test loss after epoch 5: 16.371658865624234, test accuracy: 0.7426186676276771
INFO: Client 92 model test loss after epoch 5: 98.61294279917146, test accuracy: 0.6430607753294892
INFO: Client 93 model test loss after epoch 5: 1809.8067983267813, test accuracy: 0.19442120572487645
INFO: Client 94 model test loss after epoch 5: 188.34877778741946, test accuracy: 0.6118590403624382
INFO: Client 95 model test loss after epoch 5: 331.10626160322374, test accuracy: 0.7420813169275123
INFO: Client 96 model test loss after epoch 5: 132.61535936593236, test accuracy: 0.8735166546540363
INFO: Client 97 model test loss after epoch 5: 39.703436736578, test accuracy: 0.7216265959637562
INFO: Client 98 model test loss after epoch 5: 204.87090999430944, test accuracy: 0.7998577790362438
INFO: Client 99 model test loss after epoch 5: 330.00866171115996, test accuracy: 0.8938137098434926
INFO: Global model checkpoint for epoch 5 saved!
INFO: Starting training for client 0 in epoch 6
INFO: Client 0 Validation loss: 0.010149789529505826, Validation accuracy: 0.975078125
INFO: Starting training for client 1 in epoch 6
INFO: Client 1 Validation loss: 5.544094270433892, Validation accuracy: 0.9456676136363636
INFO: Starting training for client 2 in epoch 6
INFO: Client 2 Validation loss: 0.001081604113297262, Validation accuracy: 0.9956627155172414
INFO: Starting training for client 3 in epoch 6
INFO: Client 3 Validation loss: 0.20353471376680923, Validation accuracy: 0.6751302083333334
INFO: Starting training for client 4 in epoch 6
INFO: Client 4 Validation loss: 0.0006791680909500436, Validation accuracy: 0.9700296336206896
INFO: Starting training for client 5 in epoch 6
INFO: Client 5 Validation loss: 0.019490929786115885, Validation accuracy: 0.068359375
INFO: Starting training for client 6 in epoch 6
INFO: Client 6 Validation loss: 0.005494573471878539, Validation accuracy: 0.62890625
INFO: Starting training for client 7 in epoch 6
INFO: Client 7 Validation loss: 0.0035526255384562924, Validation accuracy: 0.9505208333333334
INFO: Starting training for client 8 in epoch 6
INFO: Client 8 Validation loss: 0.0, Validation accuracy: 0.9013671875
INFO: Starting training for client 9 in epoch 6
INFO: Client 9 Validation loss: 0.1396730821870733, Validation accuracy: 0.697265625
INFO: Starting training for client 10 in epoch 6
INFO: Client 10 Validation loss: 3.844730588298262e-05, Validation accuracy: 0.94140625
INFO: Starting training for client 11 in epoch 6
INFO: Client 11 Validation loss: 0.003499346296092025, Validation accuracy: 0.987109375
INFO: Starting training for client 12 in epoch 6
INFO: Client 12 Validation loss: 0.0032492845122461768, Validation accuracy: 0.9990530303030303
INFO: Starting training for client 13 in epoch 6
INFO: Client 13 Validation loss: 0.0004771604296820442, Validation accuracy: 0.923828125
INFO: Starting training for client 14 in epoch 6
INFO: Client 14 Validation loss: 0.0, Validation accuracy: 0.7337239583333334
INFO: Starting training for client 15 in epoch 6
INFO: Client 15 Validation loss: 0.026745470109414204, Validation accuracy: 0.9738991477272727
INFO: Starting training for client 16 in epoch 6
INFO: Client 16 Validation loss: 0.0384287447159295, Validation accuracy: 0.5986328125
INFO: Starting training for client 17 in epoch 6
INFO: Client 17 Validation loss: 0.12116776965558529, Validation accuracy: 0.412109375
INFO: Starting training for client 18 in epoch 6
INFO: Client 18 Validation loss: 0.0, Validation accuracy: 0.880859375
INFO: Starting training for client 19 in epoch 6
INFO: Client 19 Validation loss: 0.0, Validation accuracy: 0.9850852272727273
INFO: Starting training for client 20 in epoch 6
INFO: Client 20 Validation loss: 0.05318406658572409, Validation accuracy: 0.9182942708333334
INFO: Starting training for client 21 in epoch 6
INFO: Client 21 Validation loss: 1.481849015573971, Validation accuracy: 0.9385986328125
INFO: Starting training for client 22 in epoch 6
INFO: Client 22 Validation loss: 0.0, Validation accuracy: 0.685546875
INFO: Starting training for client 23 in epoch 6
INFO: Client 23 Validation loss: 0.013917391002178193, Validation accuracy: 0.998828125
INFO: Starting training for client 24 in epoch 6
INFO: Client 24 Validation loss: 0.0, Validation accuracy: 0.80517578125
INFO: Starting training for client 25 in epoch 6
INFO: Client 25 Validation loss: 0.0344848598993849, Validation accuracy: 0.972265625
INFO: Starting training for client 26 in epoch 6
INFO: Client 26 Validation loss: 0.0, Validation accuracy: 0.9935661764705882
INFO: Starting training for client 27 in epoch 6
INFO: Client 27 Validation loss: 0.0, Validation accuracy: 0.9621930803571429
INFO: Starting training for client 28 in epoch 6
INFO: Client 28 Validation loss: 0.0, Validation accuracy: 0.9905598958333334
INFO: Starting training for client 29 in epoch 6
INFO: Client 29 Validation loss: 0.0005438781412368266, Validation accuracy: 0.9876019021739131
INFO: Starting training for client 30 in epoch 6
INFO: Client 30 Validation loss: 0.006081709002791406, Validation accuracy: 0.9894903273809523
INFO: Starting training for client 31 in epoch 6
INFO: Client 31 Validation loss: 3.7204704359089424, Validation accuracy: 0.9944871471774194
INFO: Starting training for client 32 in epoch 6
INFO: Client 32 Validation loss: 8.25489217386051e-10, Validation accuracy: 0.9106889204545454
INFO: Starting training for client 33 in epoch 6
INFO: Client 33 Validation loss: 0.0006066038557509534, Validation accuracy: 0.8310546875
INFO: Starting training for client 34 in epoch 6
INFO: Client 34 Validation loss: 6.822509931218856e-07, Validation accuracy: 0.96123046875
INFO: Starting training for client 35 in epoch 6
INFO: Client 35 Validation loss: 0.015646390922483988, Validation accuracy: 0.16015625
INFO: Starting training for client 36 in epoch 6
INFO: Client 36 Validation loss: 39.77552510708339, Validation accuracy: 0.9411272321428571
INFO: Starting training for client 37 in epoch 6
INFO: Client 37 Validation loss: 0.003255055760009538, Validation accuracy: 0.9938616071428571
INFO: Starting training for client 38 in epoch 6
INFO: Client 38 Validation loss: 5.761250122304773e-06, Validation accuracy: 0.9260602678571429
INFO: Starting training for client 39 in epoch 6
INFO: Client 39 Validation loss: 29.5528918268159, Validation accuracy: 0.944921875
INFO: Starting training for client 40 in epoch 6
INFO: Client 40 Validation loss: 0.013589067448265268, Validation accuracy: 0.93359375
INFO: Starting training for client 41 in epoch 6
INFO: Client 41 Validation loss: 0.0, Validation accuracy: 0.9970259232954546
INFO: Starting training for client 42 in epoch 6
INFO: Client 42 Validation loss: 1.0925090575798235e-09, Validation accuracy: 0.9362980769230769
INFO: Starting training for client 43 in epoch 6
INFO: Client 43 Validation loss: 0.0015374845743900214, Validation accuracy: 0.9695870535714286
INFO: Starting training for client 44 in epoch 6
INFO: Client 44 Validation loss: 0.0187890396548344, Validation accuracy: 0.9950067934782608
INFO: Starting training for client 45 in epoch 6
INFO: Client 45 Validation loss: 0.016098589039756916, Validation accuracy: 0.357421875
INFO: Starting training for client 46 in epoch 6
INFO: Client 46 Validation loss: 0.0, Validation accuracy: 0.8797433035714286
INFO: Starting training for client 47 in epoch 6
INFO: Client 47 Validation loss: 2.512089437052629e-09, Validation accuracy: 0.9691611842105263
INFO: Starting training for client 48 in epoch 6
INFO: Client 48 Validation loss: 0.0, Validation accuracy: 0.8716517857142857
INFO: Starting training for client 49 in epoch 6
INFO: Client 49 Validation loss: 0.0, Validation accuracy: 0.861328125
INFO: Starting training for client 50 in epoch 6
INFO: Client 50 Validation loss: 0.006040534270661218, Validation accuracy: 0.9981166294642857
INFO: Starting training for client 51 in epoch 6
INFO: Client 51 Validation loss: 0.0001573528825579478, Validation accuracy: 0.9424402573529411
INFO: Starting training for client 52 in epoch 6
INFO: Client 52 Validation loss: 0.0, Validation accuracy: 0.9675958806818182
INFO: Starting training for client 53 in epoch 6
INFO: Client 53 Validation loss: 0.17700659235318503, Validation accuracy: 0.9197048611111112
INFO: Starting training for client 54 in epoch 6
INFO: Client 54 Validation loss: 0.06591372039292764, Validation accuracy: 0.92626953125
INFO: Starting training for client 55 in epoch 6
INFO: Client 55 Validation loss: 1.4199416556140124e-08, Validation accuracy: 0.9907614087301587
INFO: Starting training for client 56 in epoch 6
INFO: Client 56 Validation loss: 0.001452554766304011, Validation accuracy: 0.986968493852459
INFO: Starting training for client 57 in epoch 6
INFO: Client 57 Validation loss: 0.020304309392561965, Validation accuracy: 0.9163411458333334
INFO: Starting training for client 58 in epoch 6
INFO: Client 58 Validation loss: 0.0, Validation accuracy: 0.9999202806122449
INFO: Starting training for client 59 in epoch 6
INFO: Client 59 Validation loss: 0.0, Validation accuracy: 0.9809857536764706
INFO: Starting training for client 60 in epoch 6
INFO: Client 60 Validation loss: 0.00031951229902915657, Validation accuracy: 0.994140625
INFO: Starting training for client 61 in epoch 6
INFO: Client 61 Validation loss: 0.0037537172074995815, Validation accuracy: 0.912109375
INFO: Starting training for client 62 in epoch 6
INFO: Client 62 Validation loss: 93.48705207318417, Validation accuracy: 0.97421875
INFO: Starting training for client 63 in epoch 6
INFO: Client 63 Validation loss: 2.559348822965083e-08, Validation accuracy: 0.976953125
INFO: Starting training for client 64 in epoch 6
INFO: Client 64 Validation loss: 0.0, Validation accuracy: 0.9322916666666666
INFO: Starting training for client 65 in epoch 6
INFO: Client 65 Validation loss: 0.02765421300298638, Validation accuracy: 0.9518229166666666
INFO: Starting training for client 66 in epoch 6
INFO: Client 66 Validation loss: 0.0, Validation accuracy: 0.906640625
INFO: Starting training for client 67 in epoch 6
INFO: Client 67 Validation loss: 235.30595553716023, Validation accuracy: 0.9423177083333333
INFO: Starting training for client 68 in epoch 6
INFO: Client 68 Validation loss: 0.0, Validation accuracy: 0.03125
INFO: Starting training for client 69 in epoch 6
INFO: Client 69 Validation loss: 2.7544071364550025e-08, Validation accuracy: 0.9547776442307693
INFO: Starting training for client 70 in epoch 6
INFO: Client 70 Validation loss: 1.6343759521842003, Validation accuracy: 0.5205078125
INFO: Starting training for client 71 in epoch 6
INFO: Client 71 Validation loss: 5.976420155540109, Validation accuracy: 0.863671875
INFO: Starting training for client 72 in epoch 6
INFO: Client 72 Validation loss: 0.011091847815502357, Validation accuracy: 0.970703125
INFO: Starting training for client 73 in epoch 6
INFO: Client 73 Validation loss: 8.107819509506225, Validation accuracy: 0.790625
INFO: Starting training for client 74 in epoch 6
INFO: Client 74 Validation loss: 0.014541832880065423, Validation accuracy: 0.9249131944444444
INFO: Starting training for client 75 in epoch 6
INFO: Client 75 Validation loss: 0.0, Validation accuracy: 0.9691280241935484
INFO: Starting training for client 76 in epoch 6
INFO: Client 76 Validation loss: 0.0010285098105669022, Validation accuracy: 0.939453125
INFO: Starting training for client 77 in epoch 6
INFO: Client 77 Validation loss: 0.00026500317767850584, Validation accuracy: 0.9928303006329114
INFO: Starting training for client 78 in epoch 6
INFO: Client 78 Validation loss: 0.005746813440055121, Validation accuracy: 0.322265625
INFO: Starting training for client 79 in epoch 6
INFO: Client 79 Validation loss: 6.127108525063165e-10, Validation accuracy: 0.9672080592105263
INFO: Starting training for client 80 in epoch 6
INFO: Client 80 Validation loss: 0.0, Validation accuracy: 0.9205078125
INFO: Starting training for client 81 in epoch 6
INFO: Client 81 Validation loss: 0.06505411162307657, Validation accuracy: 0.983141447368421
INFO: Starting training for client 82 in epoch 6
INFO: Client 82 Validation loss: 3.2428972235717546e-08, Validation accuracy: 0.9391741071428571
INFO: Starting training for client 83 in epoch 6
INFO: Client 83 Validation loss: 0.007032311409122401, Validation accuracy: 0.9929435483870968
INFO: Starting training for client 84 in epoch 6
INFO: Client 84 Validation loss: 0.01264890156582347, Validation accuracy: 0.9498697916666666
INFO: Starting training for client 85 in epoch 6
INFO: Client 85 Validation loss: 0.010120276019733865, Validation accuracy: 0.90625
INFO: Starting training for client 86 in epoch 6
INFO: Client 86 Validation loss: 0.0036724151514135883, Validation accuracy: 0.51953125
INFO: Starting training for client 87 in epoch 6
INFO: Client 87 Validation loss: 2.848908492153795e-07, Validation accuracy: 0.9988798253676471
INFO: Starting training for client 88 in epoch 6
INFO: Client 88 Validation loss: 0.0, Validation accuracy: 0.9993489583333334
INFO: Starting training for client 89 in epoch 6
INFO: Client 89 Validation loss: 0.04198517093916302, Validation accuracy: 0.9282924107142857
INFO: Starting training for client 90 in epoch 6
INFO: Client 90 Validation loss: 0.32767074228364174, Validation accuracy: 0.9899553571428571
INFO: Starting training for client 91 in epoch 6
INFO: Client 91 Validation loss: 7.986045116870066e-08, Validation accuracy: 0.419921875
INFO: Starting training for client 92 in epoch 6
INFO: Client 92 Validation loss: 0.010677036871678314, Validation accuracy: 0.9822591145833334
INFO: Starting training for client 93 in epoch 6
INFO: Client 93 Validation loss: 9.180147134532239e-09, Validation accuracy: 0.9302455357142857
INFO: Starting training for client 94 in epoch 6
INFO: Client 94 Validation loss: 0.015089324209839106, Validation accuracy: 0.98876953125
INFO: Starting training for client 95 in epoch 6
INFO: Client 95 Validation loss: 0.0011535878351841106, Validation accuracy: 0.9918428308823529
INFO: Starting training for client 96 in epoch 6
INFO: Client 96 Validation loss: 0.00012152116962131952, Validation accuracy: 0.9965869633838383
INFO: Starting training for client 97 in epoch 6
INFO: Client 97 Validation loss: 0.13780562486499548, Validation accuracy: 0.892578125
INFO: Starting training for client 98 in epoch 6
INFO: Client 98 Validation loss: 0.0036356163693478894, Validation accuracy: 0.9463641826923077
INFO: Starting training for client 99 in epoch 6
INFO: Client 99 Validation loss: 3.589507720107577e-05, Validation accuracy: 0.98916015625
INFO: Global model test loss after epoch 6: 5.323963578856812, test accuracy: 0.9040137201400329
INFO: Client 0 model test loss after epoch 6: 170.59298765769194, test accuracy: 0.9012465249176277
INFO: Client 1 model test loss after epoch 6: 693.9482404559978, test accuracy: 0.8873172364085667
INFO: Client 2 model test loss after epoch 6: 446.44519671630474, test accuracy: 0.9148669172158155
INFO: Client 3 model test loss after epoch 6: 48.3919296005487, test accuracy: 0.5695338241350906
INFO: Client 4 model test loss after epoch 6: 531.2638253465179, test accuracy: 0.7678451915156508
INFO: Client 5 model test loss after epoch 6: 7.868642329456263, test accuracy: 0.7273154345140033
INFO: Client 6 model test loss after epoch 6: 20.23020787352078, test accuracy: 0.7424674371911038
INFO: Client 7 model test loss after epoch 6: 218.72803497664725, test accuracy: 0.7397645953459637
INFO: Client 8 model test loss after epoch 6: 32.54810689119796, test accuracy: 0.7401217565897859
INFO: Client 9 model test loss after epoch 6: 17.8092929653435, test accuracy: 0.6708389106260296
INFO: Client 10 model test loss after epoch 6: 96.45362188041678, test accuracy: 0.5409866659802306
INFO: Client 11 model test loss after epoch 6: 34.905359760183394, test accuracy: 0.7888115218286655
INFO: Client 12 model test loss after epoch 6: 156.9884841036951, test accuracy: 0.906642555601318
INFO: Client 13 model test loss after epoch 6: 14.472740494423077, test accuracy: 0.7014904242174629
INFO: Client 14 model test loss after epoch 6: 96.96985131302253, test accuracy: 0.7206033772652389
INFO: Client 15 model test loss after epoch 6: 82.42591494083632, test accuracy: 0.7989150020593081
INFO: Client 16 model test loss after epoch 6: 14.243967966331777, test accuracy: 0.6880759627265239
INFO: Client 17 model test loss after epoch 6: 4.22726217450752, test accuracy: 0.7088106208813838
INFO: Client 18 model test loss after epoch 6: 189.6811861382141, test accuracy: 0.8560447127265239
INFO: Client 19 model test loss after epoch 6: 369.2054230284765, test accuracy: 0.813973692339374
INFO: Client 20 model test loss after epoch 6: 49.44405277441913, test accuracy: 0.5345352399093904
INFO: Client 21 model test loss after epoch 6: 131.6556110865427, test accuracy: 0.9156648990939045
INFO: Client 22 model test loss after epoch 6: 17.23511852308552, test accuracy: 0.7251756847199341
INFO: Client 23 model test loss after epoch 6: 184.53715951690532, test accuracy: 0.7395329231878089
INFO: Client 24 model test loss after epoch 6: 76.10919703549287, test accuracy: 0.9155522806836903
INFO: Client 25 model test loss after epoch 6: 22.499992698224897, test accuracy: 0.7835120212108732
INFO: Client 26 model test loss after epoch 6: 268.36165432376697, test accuracy: 0.6834199958813838
INFO: Client 27 model test loss after epoch 6: 80.82072653261793, test accuracy: 0.737052100494234
INFO: Client 28 model test loss after epoch 6: 190.79518303542878, test accuracy: 0.7625682145799012
INFO: Client 29 model test loss after epoch 6: 258.24545990399434, test accuracy: 0.7466085770181219
INFO: Client 30 model test loss after epoch 6: 47.00389565745719, test accuracy: 0.8848525020593081
INFO: Client 31 model test loss after epoch 6: 45.41876105265266, test accuracy: 0.6680395387149918
INFO: Client 32 model test loss after epoch 6: 330.0189093447299, test accuracy: 0.8736357084019769
INFO: Client 33 model test loss after epoch 6: 29.560848963998342, test accuracy: 0.6114729200988468
INFO: Client 34 model test loss after epoch 6: 1093.3504977254604, test accuracy: 0.6174159544892917
INFO: Client 35 model test loss after epoch 6: 4.816980414543687, test accuracy: 0.7262503861202636
INFO: Client 36 model test loss after epoch 6: 129.21313209176427, test accuracy: 0.6632999124794069
INFO: Client 37 model test loss after epoch 6: 85.59864168876858, test accuracy: 0.7235539796128501
INFO: Client 38 model test loss after epoch 6: 76.83995577188921, test accuracy: 0.8907537067545305
INFO: Client 39 model test loss after epoch 6: 46.167256078501566, test accuracy: 0.6210905323311368
INFO: Client 40 model test loss after epoch 6: 40.54760933072399, test accuracy: 0.552660368616145
INFO: Client 41 model test loss after epoch 6: 763.5993029969994, test accuracy: 0.6326998815897859
INFO: Client 42 model test loss after epoch 6: 51.749306138825496, test accuracy: 0.7377599876441515
INFO: Client 43 model test loss after epoch 6: 153.53786463128492, test accuracy: 0.7339180910214168
INFO: Client 44 model test loss after epoch 6: 54.77432891163247, test accuracy: 0.8361369954695222
INFO: Client 45 model test loss after epoch 6: 11.204939668590612, test accuracy: 0.7382973383443163
INFO: Client 46 model test loss after epoch 6: 736.3494186304825, test accuracy: 0.620540310955519
INFO: Client 47 model test loss after epoch 6: 361.09977017724077, test accuracy: 0.636509601523888
INFO: Client 48 model test loss after epoch 6: 409.7944887898676, test accuracy: 0.6200705313014827
INFO: Client 49 model test loss after epoch 6: 879.9980194028336, test accuracy: 0.6207912891268533
INFO: Client 50 model test loss after epoch 6: 325.04963624220613, test accuracy: 0.6213511635090609
INFO: Client 51 model test loss after epoch 6: 301.37254887921154, test accuracy: 0.711809488261944
INFO: Client 52 model test loss after epoch 6: 55.08637375157461, test accuracy: 0.7185794635502472
INFO: Client 53 model test loss after epoch 6: 2739.8777308906565, test accuracy: 0.6146004942339374
INFO: Client 54 model test loss after epoch 6: 733.7846038856432, test accuracy: 0.6224966536243822
INFO: Client 55 model test loss after epoch 6: 137.8443171656097, test accuracy: 0.7321258494645799
INFO: Client 56 model test loss after epoch 6: 50.08337650197843, test accuracy: 0.7050266422981878
INFO: Client 57 model test loss after epoch 6: 219.48062857310384, test accuracy: 0.6498243152800659
INFO: Client 58 model test loss after epoch 6: 52.95814011090327, test accuracy: 0.6222939404859967
INFO: Client 59 model test loss after epoch 6: 89.53677515058425, test accuracy: 0.709524943369028
INFO: Client 60 model test loss after epoch 6: 11.771454174083, test accuracy: 0.7225886789538715
INFO: Client 61 model test loss after epoch 6: 19.933857999535263, test accuracy: 0.621364034184514
INFO: Client 62 model test loss after epoch 6: 112.07605053568304, test accuracy: 0.6724348743822076
INFO: Client 63 model test loss after epoch 6: 505.4181772201379, test accuracy: 0.6239735636326195
INFO: Client 64 model test loss after epoch 6: 781.2747790651205, test accuracy: 0.620282897446458
INFO: Client 65 model test loss after epoch 6: 398.1024435913394, test accuracy: 0.4407466278830313
INFO: Client 66 model test loss after epoch 6: 64.3964641219855, test accuracy: 0.6684803593492586
INFO: Client 67 model test loss after epoch 6: 629.0419326426932, test accuracy: 0.6209779139209226
INFO: Client 68 model test loss after epoch 6: 22.306944518662686, test accuracy: 0.7270741093492586
INFO: Client 69 model test loss after epoch 6: 820.2847565676456, test accuracy: 0.6971047415568369
INFO: Client 70 model test loss after epoch 6: 27.27105700175098, test accuracy: 0.669394177306425
INFO: Client 71 model test loss after epoch 6: 2697.4826772403035, test accuracy: 0.7418625154448105
INFO: Client 72 model test loss after epoch 6: 15.175462742474085, test accuracy: 0.7814752368204283
INFO: Client 73 model test loss after epoch 6: 1151.545457982077, test accuracy: 0.7993783463756178
INFO: Client 74 model test loss after epoch 6: 1419.8684524190692, test accuracy: 0.7992045922570017
INFO: Client 75 model test loss after epoch 6: 210.138996068372, test accuracy: 0.902971195428336
INFO: Client 76 model test loss after epoch 6: 21.182017971970378, test accuracy: 0.6949038560543658
INFO: Client 77 model test loss after epoch 6: 288.4090164960269, test accuracy: 0.9142040774299836
INFO: Client 78 model test loss after epoch 6: 40.3776485467411, test accuracy: 0.727888179571664
INFO: Client 79 model test loss after epoch 6: 918.1996851148148, test accuracy: 0.7734085409802306
INFO: Client 80 model test loss after epoch 6: 937.1479615934956, test accuracy: 0.8333698002471169
INFO: Client 81 model test loss after epoch 6: 60.69408424567685, test accuracy: 0.6911520541598023
INFO: Client 82 model test loss after epoch 6: 2764.6851732719037, test accuracy: 0.55483551276771
INFO: Client 83 model test loss after epoch 6: 1346.9369714236493, test accuracy: 0.7989857907742999
INFO: Client 84 model test loss after epoch 6: 220.71427828518537, test accuracy: 0.8470674165980231
INFO: Client 85 model test loss after epoch 6: 76.73625307234198, test accuracy: 0.721845397446458
INFO: Client 86 model test loss after epoch 6: 68.40951105467641, test accuracy: 0.8307409647858319
INFO: Client 87 model test loss after epoch 6: 18.51764210291113, test accuracy: 0.7811116402388797
INFO: Client 88 model test loss after epoch 6: 439.65201733090174, test accuracy: 0.6211452327018122
INFO: Client 89 model test loss after epoch 6: 201.0235835877354, test accuracy: 0.6211645387149918
INFO: Client 90 model test loss after epoch 6: 757.3680108440458, test accuracy: 0.7975828871499177
INFO: Client 91 model test loss after epoch 6: 12.148865853365429, test accuracy: 0.7266879890856672
INFO: Client 92 model test loss after epoch 6: 115.08750324934321, test accuracy: 0.615282640032949
INFO: Client 93 model test loss after epoch 6: 947.7146715302019, test accuracy: 0.19442120572487645
INFO: Client 94 model test loss after epoch 6: 73.52277037049524, test accuracy: 0.6953285883443163
INFO: Client 95 model test loss after epoch 6: 301.2937163557505, test accuracy: 0.7359098280477759
INFO: Client 96 model test loss after epoch 6: 158.71365871757328, test accuracy: 0.8701252316721582
INFO: Client 97 model test loss after epoch 6: 8.383612596375109, test accuracy: 0.7209347971581549
INFO: Client 98 model test loss after epoch 6: 538.1054899040323, test accuracy: 0.5525927975700164
INFO: Client 99 model test loss after epoch 6: 385.5122225764972, test accuracy: 0.8834914281301482
INFO: Global model checkpoint for epoch 6 saved!
INFO: Starting training for client 0 in epoch 7
INFO: Client 0 Validation loss: 0.001118932798278747, Validation accuracy: 0.975234375
INFO: Starting training for client 1 in epoch 7
INFO: Client 1 Validation loss: 1.3130351732781327, Validation accuracy: 0.9604048295454546
INFO: Starting training for client 2 in epoch 7
INFO: Client 2 Validation loss: 0.0006142856745884336, Validation accuracy: 0.9956627155172414
INFO: Starting training for client 3 in epoch 7
INFO: Client 3 Validation loss: 0.02254995082815488, Validation accuracy: 0.6751302083333334
INFO: Starting training for client 4 in epoch 7
INFO: Client 4 Validation loss: 0.002783819524012243, Validation accuracy: 0.9700969827586207
INFO: Starting training for client 5 in epoch 7
INFO: Client 5 Validation loss: 0.3970791846513748, Validation accuracy: 0.06640625
INFO: Starting training for client 6 in epoch 7
INFO: Client 6 Validation loss: 0.005597575964202406, Validation accuracy: 0.6337890625
INFO: Starting training for client 7 in epoch 7
INFO: Client 7 Validation loss: 0.005709012153602089, Validation accuracy: 0.94921875
INFO: Starting training for client 8 in epoch 7
INFO: Client 8 Validation loss: 0.003868498853989877, Validation accuracy: 0.90087890625
INFO: Starting training for client 9 in epoch 7
INFO: Client 9 Validation loss: 0.04969687447010074, Validation accuracy: 0.728515625
INFO: Starting training for client 10 in epoch 7
INFO: Client 10 Validation loss: 0.00822044261440169, Validation accuracy: 0.9404296875
INFO: Starting training for client 11 in epoch 7
INFO: Client 11 Validation loss: 0.6053465613305479, Validation accuracy: 0.987109375
INFO: Starting training for client 12 in epoch 7
INFO: Client 12 Validation loss: 181.97522742784747, Validation accuracy: 0.9994673295454546
INFO: Starting training for client 13 in epoch 7
INFO: Client 13 Validation loss: 1.9713085321709514, Validation accuracy: 0.921875
INFO: Starting training for client 14 in epoch 7
INFO: Client 14 Validation loss: 0.0, Validation accuracy: 0.7337239583333334
INFO: Starting training for client 15 in epoch 7
INFO: Client 15 Validation loss: 0.0037417686087957754, Validation accuracy: 0.9763849431818182
INFO: Starting training for client 16 in epoch 7
INFO: Client 16 Validation loss: 0.990158940899164, Validation accuracy: 0.603515625
INFO: Starting training for client 17 in epoch 7
INFO: Client 17 Validation loss: 0.003610610350733623, Validation accuracy: 0.421875
INFO: Starting training for client 18 in epoch 7
INFO: Client 18 Validation loss: 0.28692809416679665, Validation accuracy: 0.87646484375
INFO: Starting training for client 19 in epoch 7
INFO: Client 19 Validation loss: 0.0, Validation accuracy: 0.9850852272727273
INFO: Starting training for client 20 in epoch 7
INFO: Client 20 Validation loss: 0.04483329358765268, Validation accuracy: 0.916015625
INFO: Starting training for client 21 in epoch 7
INFO: Client 21 Validation loss: 1.2189676477428293, Validation accuracy: 0.943115234375
INFO: Starting training for client 22 in epoch 7
INFO: Client 22 Validation loss: 0.0, Validation accuracy: 0.685546875
INFO: Starting training for client 23 in epoch 7
INFO: Client 23 Validation loss: 0.00020826790714636445, Validation accuracy: 0.999609375
INFO: Starting training for client 24 in epoch 7
INFO: Client 24 Validation loss: 0.0033283872762694816, Validation accuracy: 0.8046875
INFO: Starting training for client 25 in epoch 7
INFO: Client 25 Validation loss: 0.014011759124696255, Validation accuracy: 0.971484375
INFO: Starting training for client 26 in epoch 7
INFO: Client 26 Validation loss: 0.006729587912559509, Validation accuracy: 0.9935087316176471
INFO: Starting training for client 27 in epoch 7
INFO: Client 27 Validation loss: 0.07973719494683403, Validation accuracy: 0.9620535714285714
INFO: Starting training for client 28 in epoch 7
INFO: Client 28 Validation loss: 0.0026206159964203835, Validation accuracy: 0.9903971354166666
INFO: Starting training for client 29 in epoch 7
INFO: Client 29 Validation loss: 0.0024507446713434022, Validation accuracy: 0.987686820652174
INFO: Starting training for client 30 in epoch 7
INFO: Client 30 Validation loss: 0.010834239420599114, Validation accuracy: 0.9892113095238095
INFO: Starting training for client 31 in epoch 7
INFO: Client 31 Validation loss: 9.98661426807332, Validation accuracy: 0.9942351310483871
INFO: Starting training for client 32 in epoch 7
INFO: Client 32 Validation loss: 0.003243422813036225, Validation accuracy: 0.91015625
INFO: Starting training for client 33 in epoch 7
INFO: Client 33 Validation loss: 7.092864657920472e-05, Validation accuracy: 0.8310546875
INFO: Starting training for client 34 in epoch 7
INFO: Client 34 Validation loss: 0.005228188337059679, Validation accuracy: 0.960546875
INFO: Starting training for client 35 in epoch 7
INFO: Client 35 Validation loss: 0.009362885568407364, Validation accuracy: 0.162109375
INFO: Starting training for client 36 in epoch 7
INFO: Client 36 Validation loss: 36.717866942292616, Validation accuracy: 0.9415457589285714
INFO: Starting training for client 37 in epoch 7
INFO: Client 37 Validation loss: 2.9369372872831807e-08, Validation accuracy: 0.9939081101190477
INFO: Starting training for client 38 in epoch 7
INFO: Client 38 Validation loss: 208.9901394845053, Validation accuracy: 0.923828125
INFO: Starting training for client 39 in epoch 7
INFO: Client 39 Validation loss: 189.50478515625, Validation accuracy: 0.945703125
INFO: Starting training for client 40 in epoch 7
INFO: Client 40 Validation loss: 0.21242189309756565, Validation accuracy: 0.93408203125
INFO: Starting training for client 41 in epoch 7
INFO: Client 41 Validation loss: 0.5868819843639027, Validation accuracy: 0.9969815340909091
INFO: Starting training for client 42 in epoch 7
INFO: Client 42 Validation loss: 0.0, Validation accuracy: 0.9362980769230769
INFO: Starting training for client 43 in epoch 7
INFO: Client 43 Validation loss: 0.0, Validation accuracy: 0.9696800595238095
INFO: Starting training for client 44 in epoch 7
INFO: Client 44 Validation loss: 0.0006645709924075914, Validation accuracy: 0.9962805706521739
INFO: Starting training for client 45 in epoch 7
INFO: Client 45 Validation loss: 0.0, Validation accuracy: 0.36328125
INFO: Starting training for client 46 in epoch 7
INFO: Client 46 Validation loss: 0.0, Validation accuracy: 0.8797433035714286
INFO: Starting training for client 47 in epoch 7
INFO: Client 47 Validation loss: 0.0, Validation accuracy: 0.9691611842105263
INFO: Starting training for client 48 in epoch 7
INFO: Client 48 Validation loss: 85.94174442706345, Validation accuracy: 0.87109375
INFO: Starting training for client 49 in epoch 7
INFO: Client 49 Validation loss: 0.08849305019248277, Validation accuracy: 0.8567708333333334
INFO: Starting training for client 50 in epoch 7
INFO: Client 50 Validation loss: 56.609815325055806, Validation accuracy: 0.9981166294642857
INFO: Starting training for client 51 in epoch 7
INFO: Client 51 Validation loss: 687.3720250340069, Validation accuracy: 0.9422104779411765
INFO: Starting training for client 52 in epoch 7
INFO: Client 52 Validation loss: 6.707324215230157e-08, Validation accuracy: 0.9675958806818182
INFO: Starting training for client 53 in epoch 7
INFO: Client 53 Validation loss: 0.035254599086700464, Validation accuracy: 0.9201388888888888
INFO: Starting training for client 54 in epoch 7
INFO: Client 54 Validation loss: 0.05907688145069656, Validation accuracy: 0.93359375
INFO: Starting training for client 55 in epoch 7
INFO: Client 55 Validation loss: 0.0, Validation accuracy: 0.9907614087301587
INFO: Starting training for client 56 in epoch 7
INFO: Client 56 Validation loss: 0.0028066282971584296, Validation accuracy: 0.9872246413934426
INFO: Starting training for client 57 in epoch 7
INFO: Client 57 Validation loss: 22.79886069893837, Validation accuracy: 0.8610026041666666
INFO: Starting training for client 58 in epoch 7
INFO: Client 58 Validation loss: 16.125761736716544, Validation accuracy: 0.9998405612244898
INFO: Starting training for client 59 in epoch 7
INFO: Client 59 Validation loss: 1.311059950473262e-07, Validation accuracy: 0.9809857536764706
INFO: Starting training for client 60 in epoch 7
INFO: Client 60 Validation loss: 0.0007153735496103764, Validation accuracy: 0.994140625
INFO: Starting training for client 61 in epoch 7
INFO: Client 61 Validation loss: 0.0028526529980202517, Validation accuracy: 0.912109375
INFO: Starting training for client 62 in epoch 7
INFO: Client 62 Validation loss: 54.32390161752701, Validation accuracy: 0.97265625
INFO: Starting training for client 63 in epoch 7
INFO: Client 63 Validation loss: 0.050999094149811894, Validation accuracy: 0.9766927083333333
INFO: Starting training for client 64 in epoch 7
INFO: Client 64 Validation loss: 2.768080672084968e-09, Validation accuracy: 0.9322916666666666
INFO: Starting training for client 65 in epoch 7
INFO: Client 65 Validation loss: 0.04149279691387125, Validation accuracy: 0.9516059027777778
INFO: Starting training for client 66 in epoch 7
INFO: Client 66 Validation loss: 0.0, Validation accuracy: 0.906640625
INFO: Starting training for client 67 in epoch 7
INFO: Client 67 Validation loss: 0.07548486408777523, Validation accuracy: 0.9423177083333333
INFO: Starting training for client 68 in epoch 7
INFO: Client 68 Validation loss: 3.942937109968625e-05, Validation accuracy: 0.03125
INFO: Starting training for client 69 in epoch 7
INFO: Client 69 Validation loss: 6.919639624016675e-07, Validation accuracy: 0.9547776442307693
INFO: Starting training for client 70 in epoch 7
INFO: Client 70 Validation loss: 7.606455195695162, Validation accuracy: 0.5107421875
INFO: Starting training for client 71 in epoch 7
INFO: Client 71 Validation loss: 0.06006395818913006, Validation accuracy: 0.87265625
INFO: Starting training for client 72 in epoch 7
INFO: Client 72 Validation loss: 0.037589845561418166, Validation accuracy: 0.9694010416666666
INFO: Starting training for client 73 in epoch 7
INFO: Client 73 Validation loss: 1.0158759355545044, Validation accuracy: 0.804296875
INFO: Starting training for client 74 in epoch 7
INFO: Client 74 Validation loss: 1.4520864066897146, Validation accuracy: 0.9246961805555556
INFO: Starting training for client 75 in epoch 7
INFO: Client 75 Validation loss: 0.0, Validation accuracy: 0.9691280241935484
INFO: Starting training for client 76 in epoch 7
INFO: Client 76 Validation loss: 4.288248948528898e-07, Validation accuracy: 0.9401041666666666
INFO: Starting training for client 77 in epoch 7
INFO: Client 77 Validation loss: 0.002313549273216109, Validation accuracy: 0.9925830696202531
INFO: Starting training for client 78 in epoch 7
INFO: Client 78 Validation loss: 0.01023934361001011, Validation accuracy: 0.322265625
INFO: Starting training for client 79 in epoch 7
INFO: Client 79 Validation loss: 0.0, Validation accuracy: 0.9672080592105263
INFO: Starting training for client 80 in epoch 7
INFO: Client 80 Validation loss: 0.0, Validation accuracy: 0.9205078125
INFO: Starting training for client 81 in epoch 7
INFO: Client 81 Validation loss: 0.04995901414842688, Validation accuracy: 0.9851973684210527
INFO: Starting training for client 82 in epoch 7
INFO: Client 82 Validation loss: 0.0, Validation accuracy: 0.9391741071428571
INFO: Starting training for client 83 in epoch 7
INFO: Client 83 Validation loss: 1.0689946770244747e-05, Validation accuracy: 0.9933215725806451
INFO: Starting training for client 84 in epoch 7
INFO: Client 84 Validation loss: 0.044277908616573, Validation accuracy: 0.9496527777777778
INFO: Starting training for client 85 in epoch 7
INFO: Client 85 Validation loss: 0.018507154717606403, Validation accuracy: 0.905517578125
INFO: Starting training for client 86 in epoch 7
INFO: Client 86 Validation loss: 0.013307651388458908, Validation accuracy: 0.517578125
INFO: Starting training for client 87 in epoch 7
INFO: Client 87 Validation loss: 0.004991578043468039, Validation accuracy: 0.9981330422794118
INFO: Starting training for client 88 in epoch 7
INFO: Client 88 Validation loss: 0.11139216572822382, Validation accuracy: 0.9986979166666666
INFO: Starting training for client 89 in epoch 7
INFO: Client 89 Validation loss: 0.013973920862294367, Validation accuracy: 0.9282924107142857
INFO: Starting training for client 90 in epoch 7
INFO: Client 90 Validation loss: 0.14513607398839667, Validation accuracy: 0.9926060267857143
INFO: Starting training for client 91 in epoch 7
INFO: Client 91 Validation loss: 2.049026170958257e-06, Validation accuracy: 0.419921875
INFO: Starting training for client 92 in epoch 7
INFO: Client 92 Validation loss: 0.0010284308126463262, Validation accuracy: 0.9825032552083334
INFO: Starting training for client 93 in epoch 7
INFO: Client 93 Validation loss: 0.002174711186924511, Validation accuracy: 0.9296875
INFO: Starting training for client 94 in epoch 7
INFO: Client 94 Validation loss: 0.0018271484477736522, Validation accuracy: 0.989013671875
INFO: Starting training for client 95 in epoch 7
INFO: Client 95 Validation loss: 0.0019554266893938776, Validation accuracy: 0.991859243697479
INFO: Starting training for client 96 in epoch 7
INFO: Client 96 Validation loss: 2.8425604171131747e-05, Validation accuracy: 0.9965869633838383
INFO: Starting training for client 97 in epoch 7
INFO: Client 97 Validation loss: 0.06639145774533972, Validation accuracy: 0.890625
INFO: Starting training for client 98 in epoch 7
INFO: Client 98 Validation loss: 1.1518224975521802, Validation accuracy: 0.9450120192307693
INFO: Starting training for client 99 in epoch 7
INFO: Client 99 Validation loss: 0.00025561131649460834, Validation accuracy: 0.98916015625
INFO: Global model test loss after epoch 7: 10.32379461842611, test accuracy: 0.7278560028830313
INFO: Client 0 model test loss after epoch 7: 104.68427200162044, test accuracy: 0.9005547261120264
INFO: Client 1 model test loss after epoch 7: 439.5757491905179, test accuracy: 0.7068124485172982
INFO: Client 2 model test loss after epoch 7: 551.2658258586717, test accuracy: 0.9151275483937397
INFO: Client 3 model test loss after epoch 7: 45.492505728412176, test accuracy: 0.5568175967874794
INFO: Client 4 model test loss after epoch 7: 848.5491873173032, test accuracy: 0.9027298702635914
INFO: Client 5 model test loss after epoch 7: 8.155901302168433, test accuracy: 0.9055614188632619
INFO: Client 6 model test loss after epoch 7: 33.1950235862191, test accuracy: 0.740787814044481
INFO: Client 7 model test loss after epoch 7: 152.96050128542893, test accuracy: 0.740025226523888
INFO: Client 8 model test loss after epoch 7: 44.687040764164415, test accuracy: 0.6970339528418451
INFO: Client 9 model test loss after epoch 7: 6.596911994322193, test accuracy: 0.6963839837314663
INFO: Client 10 model test loss after epoch 7: 69.49735155631093, test accuracy: 0.5403688735584844
INFO: Client 11 model test loss after epoch 7: 30.17185760128337, test accuracy: 0.8837778006589786
INFO: Client 12 model test loss after epoch 7: 209.407960441199, test accuracy: 0.9057287376441515
INFO: Client 13 model test loss after epoch 7: 23.846432818489234, test accuracy: 0.8858306733937397
INFO: Client 14 model test loss after epoch 7: 104.66396397896224, test accuracy: 0.8114574752883031
INFO: Client 15 model test loss after epoch 7: 45.433013184959016, test accuracy: 0.8050543142504119
INFO: Client 16 model test loss after epoch 7: 11.047706922347288, test accuracy: 0.8328453202224053
INFO: Client 17 model test loss after epoch 7: 3.0061136000413105, test accuracy: 0.899837185955519
INFO: Client 18 model test loss after epoch 7: 476.4520657353524, test accuracy: 0.7978724773476112
INFO: Client 19 model test loss after epoch 7: 217.28462364639714, test accuracy: 0.8855185595140033
INFO: Client 20 model test loss after epoch 7: 45.44535596026611, test accuracy: 0.6608705724876441
INFO: Client 21 model test loss after epoch 7: 113.6354111488709, test accuracy: 0.9041359915568369
INFO: Client 22 model test loss after epoch 7: 39.20409520647957, test accuracy: 0.7403534287479407
INFO: Client 23 model test loss after epoch 7: 131.80572503980028, test accuracy: 0.73692982907743
INFO: Client 24 model test loss after epoch 7: 165.95600483329977, test accuracy: 0.9151661604200988
INFO: Client 25 model test loss after epoch 7: 48.545041361802916, test accuracy: 0.7388572127265239
INFO: Client 26 model test loss after epoch 7: 214.76967177851873, test accuracy: 0.73782755869028
INFO: Client 27 model test loss after epoch 7: 180.06400583865369, test accuracy: 0.8177061882207578
INFO: Client 28 model test loss after epoch 7: 311.7093185107618, test accuracy: 0.7376184102141681
INFO: Client 29 model test loss after epoch 7: 226.6556676702817, test accuracy: 0.8193986820428336
INFO: Client 30 model test loss after epoch 7: 46.90993072391604, test accuracy: 0.7189398424629324
INFO: Client 31 model test loss after epoch 7: 38.06867314343905, test accuracy: 0.7052969264827018
INFO: Client 32 model test loss after epoch 7: 434.3953475267446, test accuracy: 0.8365488570840197
INFO: Client 33 model test loss after epoch 7: 12.682286327646509, test accuracy: 0.7519145129736409
INFO: Client 34 model test loss after epoch 7: 465.0995848701434, test accuracy: 0.6178760811367381
INFO: Client 35 model test loss after epoch 7: 3.9312885757482032, test accuracy: 0.9020927718286655
INFO: Client 36 model test loss after epoch 7: 85.46392305409138, test accuracy: 0.6950196921334432
INFO: Client 37 model test loss after epoch 7: 38.020374625648195, test accuracy: 0.8223814610790774
INFO: Client 38 model test loss after epoch 7: 154.12937270466523, test accuracy: 0.9136956857495881
INFO: Client 39 model test loss after epoch 7: 203.521213191586, test accuracy: 0.6205853583196046
INFO: Client 40 model test loss after epoch 7: 38.424180262908116, test accuracy: 0.7059147189044481
INFO: Client 41 model test loss after epoch 7: 2384.4712861607454, test accuracy: 0.623021133649094
INFO: Client 42 model test loss after epoch 7: 83.60339203479437, test accuracy: 0.7390760142092258
INFO: Client 43 model test loss after epoch 7: 107.04008114105115, test accuracy: 0.7280941103789127
INFO: Client 44 model test loss after epoch 7: 114.57926340123183, test accuracy: 0.7362573362850082
INFO: Client 45 model test loss after epoch 7: 8.02924603450117, test accuracy: 0.7228911398270181
INFO: Client 46 model test loss after epoch 7: 672.4184491232013, test accuracy: 0.19715944192751236
INFO: Client 47 model test loss after epoch 7: 278.7993844672577, test accuracy: 0.8335821663920923
INFO: Client 48 model test loss after epoch 7: 92.86874032883814, test accuracy: 0.7134665877265239
INFO: Client 49 model test loss after epoch 7: 1295.15004855841, test accuracy: 0.19859130457166393
INFO: Client 50 model test loss after epoch 7: 508.46825152439493, test accuracy: 0.6210551379736409
INFO: Client 51 model test loss after epoch 7: 1359.3527828477372, test accuracy: 0.4472077069604613
INFO: Client 52 model test loss after epoch 7: 22.117139920376765, test accuracy: 0.7924700113261944
INFO: Client 53 model test loss after epoch 7: 1501.454154902142, test accuracy: 0.7378179056836903
INFO: Client 54 model test loss after epoch 7: 949.4596862890171, test accuracy: 0.623021133649094
INFO: Client 55 model test loss after epoch 7: 243.19609734249536, test accuracy: 0.6277382362026359
INFO: Client 56 model test loss after epoch 7: 101.879436764287, test accuracy: 0.7258578305189456
INFO: Client 57 model test loss after epoch 7: 28.723575844048735, test accuracy: 0.7268746138797364
INFO: Client 58 model test loss after epoch 7: 93.1848849520385, test accuracy: 0.7324572693574959
INFO: Client 59 model test loss after epoch 7: 19.868174578202566, test accuracy: 0.7157318266062603
INFO: Client 60 model test loss after epoch 7: 25.1555935607981, test accuracy: 0.5475796694810544
INFO: Client 61 model test loss after epoch 7: 32.462244856934376, test accuracy: 0.6222070634266886
INFO: Client 62 model test loss after epoch 7: 91.92055192364438, test accuracy: 0.6233815125617792
INFO: Client 63 model test loss after epoch 7: 752.5481285532873, test accuracy: 0.20107212726523888
INFO: Client 64 model test loss after epoch 7: 606.4188046004728, test accuracy: 0.6258945119439868
INFO: Client 65 model test loss after epoch 7: 325.99113085517365, test accuracy: 0.6969148990939045
INFO: Client 66 model test loss after epoch 7: 34.03172878503997, test accuracy: 0.7271545510708401
INFO: Client 67 model test loss after epoch 7: 716.6207488627776, test accuracy: 0.6221073156919276
INFO: Client 68 model test loss after epoch 7: 4.753229734369905, test accuracy: 0.761509601523888
INFO: Client 69 model test loss after epoch 7: 2632.516958191541, test accuracy: 0.6257400638385503
INFO: Client 70 model test loss after epoch 7: 20.03015612853249, test accuracy: 0.6593164384266886
INFO: Client 71 model test loss after epoch 7: 1467.885535022198, test accuracy: 0.6587050813426688
INFO: Client 72 model test loss after epoch 7: 45.35736159230044, test accuracy: 0.7455628346375618
INFO: Client 73 model test loss after epoch 7: 1947.3638882951825, test accuracy: 0.6743172106672158
INFO: Client 74 model test loss after epoch 7: 1683.0328303251895, test accuracy: 0.7894582732701813
INFO: Client 75 model test loss after epoch 7: 675.6131028184925, test accuracy: 0.6771198002471169
INFO: Client 76 model test loss after epoch 7: 36.90165176926991, test accuracy: 0.5186560440691927
INFO: Client 77 model test loss after epoch 7: 43.38156707777588, test accuracy: 0.8799391217051071
INFO: Client 78 model test loss after epoch 7: 23.35507149738456, test accuracy: 0.8209753397858319
INFO: Client 79 model test loss after epoch 7: 365.5570761432773, test accuracy: 0.7696985687808896
INFO: Client 80 model test loss after epoch 7: 782.887902446919, test accuracy: 0.8036417576194399
INFO: Client 81 model test loss after epoch 7: 23.896807168280272, test accuracy: 0.7919970140032949
INFO: Client 82 model test loss after epoch 7: 4308.2560610850405, test accuracy: 0.553754376029654
INFO: Client 83 model test loss after epoch 7: 2320.66775246136, test accuracy: 0.553863776771005
INFO: Client 84 model test loss after epoch 7: 443.9830956492785, test accuracy: 0.7974187860378913
INFO: Client 85 model test loss after epoch 7: 174.6214362418322, test accuracy: 0.7235797209637562
INFO: Client 86 model test loss after epoch 7: 56.79555223634245, test accuracy: 0.9092327790362438
INFO: Client 87 model test loss after epoch 7: 17.777982588073833, test accuracy: 0.8313169275123559
INFO: Client 88 model test loss after epoch 7: 540.3990637667679, test accuracy: 0.621045484967051
INFO: Client 89 model test loss after epoch 7: 76.82191545066333, test accuracy: 0.6232109761120264
INFO: Client 90 model test loss after epoch 7: 514.7374941880843, test accuracy: 0.4313027697693575
INFO: Client 91 model test loss after epoch 7: 7.373413521047389, test accuracy: 0.7258031301482701
INFO: Client 92 model test loss after epoch 7: 60.98965267486153, test accuracy: 0.6863094625205931
INFO: Client 93 model test loss after epoch 7: 1642.1751512325434, test accuracy: 0.19506152182866557
INFO: Client 94 model test loss after epoch 7: 89.97449719361803, test accuracy: 0.6816856723640856
INFO: Client 95 model test loss after epoch 7: 352.3886294591519, test accuracy: 0.556592359967051
INFO: Client 96 model test loss after epoch 7: 37.641451164485616, test accuracy: 0.907797698723229
INFO: Client 97 model test loss after epoch 7: 20.908741841062827, test accuracy: 0.732212726523888
INFO: Client 98 model test loss after epoch 7: 335.1488007583968, test accuracy: 0.7998996087314663
INFO: Client 99 model test loss after epoch 7: 410.02875533433763, test accuracy: 0.9114690588962109
INFO: Global model checkpoint for epoch 7 saved!
INFO: Starting training for client 0 in epoch 8
INFO: Client 0 Validation loss: 0.016045114635196072, Validation accuracy: 0.974375
INFO: Starting training for client 1 in epoch 8
INFO: Client 1 Validation loss: 1.5702321480282329, Validation accuracy: 0.9596946022727273
INFO: Starting training for client 2 in epoch 8
INFO: Client 2 Validation loss: 0.0010137310544639055, Validation accuracy: 0.995635775862069
INFO: Starting training for client 3 in epoch 8
INFO: Client 3 Validation loss: 0.010991511245567973, Validation accuracy: 0.6783854166666666
INFO: Starting training for client 4 in epoch 8
INFO: Client 4 Validation loss: 0.004453212365980636, Validation accuracy: 0.9696255387931034
INFO: Starting training for client 5 in epoch 8
INFO: Client 5 Validation loss: 0.025052802404388785, Validation accuracy: 0.064453125
INFO: Starting training for client 6 in epoch 8
INFO: Client 6 Validation loss: 0.01292194252164336, Validation accuracy: 0.6279296875
INFO: Starting training for client 7 in epoch 8
INFO: Client 7 Validation loss: 0.005332588816600037, Validation accuracy: 0.9498697916666666
INFO: Starting training for client 8 in epoch 8
INFO: Client 8 Validation loss: 0.0006476827547885478, Validation accuracy: 0.901123046875
INFO: Starting training for client 9 in epoch 8
INFO: Client 9 Validation loss: 4942.389533996582, Validation accuracy: 0.732421875
INFO: Starting training for client 10 in epoch 8
INFO: Client 10 Validation loss: 0.36007288098335266, Validation accuracy: 0.9404296875
INFO: Starting training for client 11 in epoch 8
INFO: Client 11 Validation loss: 1.2322964917199548, Validation accuracy: 0.9869591346153846
INFO: Starting training for client 12 in epoch 8
INFO: Client 12 Validation loss: 0.0006642634549444979, Validation accuracy: 0.9994673295454546
INFO: Starting training for client 13 in epoch 8
INFO: Client 13 Validation loss: 0.0005074973372529712, Validation accuracy: 0.923828125
INFO: Starting training for client 14 in epoch 8
INFO: Client 14 Validation loss: 0.0, Validation accuracy: 0.7337239583333334
INFO: Starting training for client 15 in epoch 8
INFO: Client 15 Validation loss: 0.12256922301722542, Validation accuracy: 0.9749644886363636
INFO: Starting training for client 16 in epoch 8
INFO: Client 16 Validation loss: 0.026969141617882997, Validation accuracy: 0.603515625
INFO: Starting training for client 17 in epoch 8
INFO: Client 17 Validation loss: 0.0026816549579962157, Validation accuracy: 0.421875
INFO: Starting training for client 18 in epoch 8
INFO: Client 18 Validation loss: 0.0, Validation accuracy: 0.880859375
INFO: Starting training for client 19 in epoch 8
INFO: Client 19 Validation loss: 0.0, Validation accuracy: 0.9850852272727273
INFO: Starting training for client 20 in epoch 8
INFO: Client 20 Validation loss: 0.03713001309569108, Validation accuracy: 0.9210611979166666
INFO: Starting training for client 21 in epoch 8
INFO: Client 21 Validation loss: 1.6691833511777077, Validation accuracy: 0.9639892578125
INFO: Starting training for client 22 in epoch 8
INFO: Client 22 Validation loss: 1.1641531488804091e-10, Validation accuracy: 0.685546875
INFO: Starting training for client 23 in epoch 8
INFO: Client 23 Validation loss: 6.007028700155681e-09, Validation accuracy: 0.999609375
INFO: Starting training for client 24 in epoch 8
INFO: Client 24 Validation loss: 0.2616409361362457, Validation accuracy: 0.8046875
INFO: Starting training for client 25 in epoch 8
INFO: Client 25 Validation loss: 0.005597487288211056, Validation accuracy: 0.972265625
INFO: Starting training for client 26 in epoch 8
INFO: Client 26 Validation loss: 4.040290977597498e-10, Validation accuracy: 0.9935661764705882
INFO: Starting training for client 27 in epoch 8
INFO: Client 27 Validation loss: 0.006999552249908447, Validation accuracy: 0.9620535714285714
INFO: Starting training for client 28 in epoch 8
INFO: Client 28 Validation loss: 0.0, Validation accuracy: 0.9905598958333334
INFO: Starting training for client 29 in epoch 8
INFO: Client 29 Validation loss: 8.480477570459105e-05, Validation accuracy: 0.9877717391304348
INFO: Starting training for client 30 in epoch 8
INFO: Client 30 Validation loss: 0.003917797966520137, Validation accuracy: 0.9893043154761905
INFO: Starting training for client 31 in epoch 8
INFO: Client 31 Validation loss: 0.034335003860883444, Validation accuracy: 0.9938571068548387
INFO: Starting training for client 32 in epoch 8
INFO: Client 32 Validation loss: 0.0, Validation accuracy: 0.9106889204545454
INFO: Starting training for client 33 in epoch 8
INFO: Client 33 Validation loss: 0.002543592426491159, Validation accuracy: 0.830078125
INFO: Starting training for client 34 in epoch 8
INFO: Client 34 Validation loss: 1.4886538258415681e-07, Validation accuracy: 0.96123046875
INFO: Starting training for client 35 in epoch 8
INFO: Client 35 Validation loss: 0.6511645587161183, Validation accuracy: 0.16015625
INFO: Starting training for client 36 in epoch 8
INFO: Client 36 Validation loss: 18.541046573499703, Validation accuracy: 0.9409877232142857
INFO: Starting training for client 37 in epoch 8
INFO: Client 37 Validation loss: 1.442915326999028e-06, Validation accuracy: 0.9939081101190477
INFO: Starting training for client 38 in epoch 8
INFO: Client 38 Validation loss: 0.0, Validation accuracy: 0.9260602678571429
INFO: Starting training for client 39 in epoch 8
INFO: Client 39 Validation loss: 39.95073944129981, Validation accuracy: 0.94453125
INFO: Starting training for client 40 in epoch 8
INFO: Client 40 Validation loss: 0.007714723578857274, Validation accuracy: 0.9345703125
INFO: Starting training for client 41 in epoch 8
INFO: Client 41 Validation loss: 0.0, Validation accuracy: 0.9970259232954546
INFO: Starting training for client 42 in epoch 8
INFO: Client 42 Validation loss: 0.0, Validation accuracy: 0.9362980769230769
INFO: Starting training for client 43 in epoch 8
INFO: Client 43 Validation loss: 0.0, Validation accuracy: 0.9696800595238095
INFO: Starting training for client 44 in epoch 8
INFO: Client 44 Validation loss: 0.00045979278890982917, Validation accuracy: 0.9962805706521739
INFO: Starting training for client 45 in epoch 8
INFO: Client 45 Validation loss: 0.001304332055951818, Validation accuracy: 0.36328125
INFO: Starting training for client 46 in epoch 8
INFO: Client 46 Validation loss: 0.0, Validation accuracy: 0.8797433035714286
INFO: Starting training for client 47 in epoch 8
INFO: Client 47 Validation loss: 0.0, Validation accuracy: 0.9691611842105263
INFO: Starting training for client 48 in epoch 8
INFO: Client 48 Validation loss: 0.13959480649125716, Validation accuracy: 0.8699776785714286
INFO: Starting training for client 49 in epoch 8
INFO: Client 49 Validation loss: 0.0, Validation accuracy: 0.861328125
INFO: Starting training for client 50 in epoch 8
INFO: Client 50 Validation loss: 16.69774954660014, Validation accuracy: 0.9981166294642857
INFO: Starting training for client 51 in epoch 8
INFO: Client 51 Validation loss: 0.01459550863022313, Validation accuracy: 0.9424402573529411
INFO: Starting training for client 52 in epoch 8
INFO: Client 52 Validation loss: 9.034522463480243e-08, Validation accuracy: 0.9675958806818182
INFO: Starting training for client 53 in epoch 8
INFO: Client 53 Validation loss: 0.05583303504519992, Validation accuracy: 0.9212239583333334
INFO: Starting training for client 54 in epoch 8
INFO: Client 54 Validation loss: 0.034306375491723884, Validation accuracy: 0.93408203125
INFO: Starting training for client 55 in epoch 8
INFO: Client 55 Validation loss: 0.0007103675651171851, Validation accuracy: 0.9906994047619048
INFO: Starting training for client 56 in epoch 8
INFO: Client 56 Validation loss: 0.035229268036719844, Validation accuracy: 0.9871926229508197
INFO: Starting training for client 57 in epoch 8
INFO: Client 57 Validation loss: 1.1454715734295366, Validation accuracy: 0.9173177083333334
INFO: Starting training for client 58 in epoch 8
INFO: Client 58 Validation loss: 9.503290444828327e-12, Validation accuracy: 0.9999202806122449
INFO: Starting training for client 59 in epoch 8
INFO: Client 59 Validation loss: 1.1094934800091911, Validation accuracy: 0.9809283088235294
INFO: Starting training for client 60 in epoch 8
INFO: Client 60 Validation loss: 0.002249679590931919, Validation accuracy: 0.9931640625
INFO: Starting training for client 61 in epoch 8
INFO: Client 61 Validation loss: 217.5421264345447, Validation accuracy: 0.9111328125
INFO: Starting training for client 62 in epoch 8
INFO: Client 62 Validation loss: 140.55140436949733, Validation accuracy: 0.9734375
INFO: Starting training for client 63 in epoch 8
INFO: Client 63 Validation loss: 6.921155114534654e-08, Validation accuracy: 0.976953125
INFO: Starting training for client 64 in epoch 8
INFO: Client 64 Validation loss: 0.0, Validation accuracy: 0.9322916666666666
INFO: Starting training for client 65 in epoch 8
INFO: Client 65 Validation loss: 0.01575733812231631, Validation accuracy: 0.9520399305555556
INFO: Starting training for client 66 in epoch 8
INFO: Client 66 Validation loss: 0.0, Validation accuracy: 0.906640625
INFO: Starting training for client 67 in epoch 8
INFO: Client 67 Validation loss: 6.658839679651862e-09, Validation accuracy: 0.942578125
INFO: Starting training for client 68 in epoch 8
INFO: Client 68 Validation loss: 0.0, Validation accuracy: 0.03125
INFO: Starting training for client 69 in epoch 8
INFO: Client 69 Validation loss: 7.343102536284417e-10, Validation accuracy: 0.9547776442307693
INFO: Starting training for client 70 in epoch 8
INFO: Client 70 Validation loss: 0.38078889437019825, Validation accuracy: 0.5302734375
INFO: Starting training for client 71 in epoch 8
INFO: Client 71 Validation loss: 0.8301495835883543, Validation accuracy: 0.857421875
INFO: Starting training for client 72 in epoch 8
INFO: Client 72 Validation loss: 0.3149153305760895, Validation accuracy: 0.9700520833333334
INFO: Starting training for client 73 in epoch 8
INFO: Client 73 Validation loss: 5.1099716205149885, Validation accuracy: 0.794140625
INFO: Starting training for client 74 in epoch 8
INFO: Client 74 Validation loss: 0.03765288056122462, Validation accuracy: 0.9273003472222222
INFO: Starting training for client 75 in epoch 8
INFO: Client 75 Validation loss: 0.0, Validation accuracy: 0.9691280241935484
INFO: Starting training for client 76 in epoch 8
INFO: Client 76 Validation loss: 115.34430807813867, Validation accuracy: 0.9397786458333334
INFO: Starting training for client 77 in epoch 8
INFO: Client 77 Validation loss: 0.000674005664980511, Validation accuracy: 0.9926325158227848
INFO: Starting training for client 78 in epoch 8
INFO: Client 78 Validation loss: 0.0035430307161732344, Validation accuracy: 0.322265625
INFO: Starting training for client 79 in epoch 8
INFO: Client 79 Validation loss: 1.225424367242536e-11, Validation accuracy: 0.9672080592105263
INFO: Starting training for client 80 in epoch 8
INFO: Client 80 Validation loss: 0.0, Validation accuracy: 0.9205078125
INFO: Starting training for client 81 in epoch 8
INFO: Client 81 Validation loss: 0.030182816664914992, Validation accuracy: 0.9847861842105263
INFO: Starting training for client 82 in epoch 8
INFO: Client 82 Validation loss: 5.771931886247782e-05, Validation accuracy: 0.9391741071428571
INFO: Starting training for client 83 in epoch 8
INFO: Client 83 Validation loss: 0.01266006071627444, Validation accuracy: 0.993195564516129
INFO: Starting training for client 84 in epoch 8
INFO: Client 84 Validation loss: 0.009006097325692785, Validation accuracy: 0.9496527777777778
INFO: Starting training for client 85 in epoch 8
INFO: Client 85 Validation loss: 0.011862075920021198, Validation accuracy: 0.906494140625
INFO: Starting training for client 86 in epoch 8
INFO: Client 86 Validation loss: 0.00014223740504348825, Validation accuracy: 0.51953125
INFO: Starting training for client 87 in epoch 8
INFO: Client 87 Validation loss: 0.0010558921086682496, Validation accuracy: 0.9988223805147058
INFO: Starting training for client 88 in epoch 8
INFO: Client 88 Validation loss: 0.0, Validation accuracy: 0.9993489583333334
INFO: Starting training for client 89 in epoch 8
INFO: Client 89 Validation loss: 0.03769721863867354, Validation accuracy: 0.9280133928571429
INFO: Starting training for client 90 in epoch 8
INFO: Client 90 Validation loss: 0.1171280314343416, Validation accuracy: 0.9935825892857143
INFO: Starting training for client 91 in epoch 8
INFO: Client 91 Validation loss: 1.9092073547111177e-08, Validation accuracy: 0.419921875
INFO: Starting training for client 92 in epoch 8
INFO: Client 92 Validation loss: 0.04550991633990028, Validation accuracy: 0.9820963541666666
INFO: Starting training for client 93 in epoch 8
INFO: Client 93 Validation loss: 0.03284389206341335, Validation accuracy: 0.9299665178571429
INFO: Starting training for client 94 in epoch 8
INFO: Client 94 Validation loss: 0.0, Validation accuracy: 0.9892578125
INFO: Starting training for client 95 in epoch 8
INFO: Client 95 Validation loss: 2.8568813423735754e-06, Validation accuracy: 0.991875656512605
INFO: Starting training for client 96 in epoch 8
INFO: Client 96 Validation loss: 0.003919029749840807, Validation accuracy: 0.9965277777777778
INFO: Starting training for client 97 in epoch 8
INFO: Client 97 Validation loss: 0.13367776846280321, Validation accuracy: 0.892578125
INFO: Starting training for client 98 in epoch 8
INFO: Client 98 Validation loss: 0.6768183009161686, Validation accuracy: 0.9421574519230769
INFO: Starting training for client 99 in epoch 8
INFO: Client 99 Validation loss: 0.024900375231862247, Validation accuracy: 0.98896484375
INFO: Global model test loss after epoch 8: 4.182523115235819, test accuracy: 0.90384318369028
INFO: Client 0 model test loss after epoch 8: 322.58862660601034, test accuracy: 0.8993062705930808
INFO: Client 1 model test loss after epoch 8: 454.38134857067155, test accuracy: 0.7635656919275123
INFO: Client 2 model test loss after epoch 8: 618.2092934660261, test accuracy: 0.9145226266474464
INFO: Client 3 model test loss after epoch 8: 61.71306958282606, test accuracy: 0.47927177718286657
INFO: Client 4 model test loss after epoch 8: 553.0018583995349, test accuracy: 0.8161070067957167
INFO: Client 5 model test loss after epoch 8: 7.8874117156664525, test accuracy: 0.7271706394151565
INFO: Client 6 model test loss after epoch 8: 16.396175434078156, test accuracy: 0.7271191567133443
INFO: Client 7 model test loss after epoch 8: 82.71693916031849, test accuracy: 0.6795233988879736
INFO: Client 8 model test loss after epoch 8: 69.54205997653527, test accuracy: 0.737003835461285
INFO: Client 9 model test loss after epoch 8: 9.053094589463205, test accuracy: 0.6946271365321252
INFO: Client 10 model test loss after epoch 8: 88.81297964240217, test accuracy: 0.5411990321252059
INFO: Client 11 model test loss after epoch 8: 17.75396519827256, test accuracy: 0.8486891217051071
INFO: Client 12 model test loss after epoch 8: 403.0911434002249, test accuracy: 0.9076400329489291
INFO: Client 13 model test loss after epoch 8: 5.734528735945093, test accuracy: 0.6776668039538715
INFO: Client 14 model test loss after epoch 8: 109.90620642582942, test accuracy: 0.7191200319192751
INFO: Client 15 model test loss after epoch 8: 99.37599193046596, test accuracy: 0.6239478222817133
INFO: Client 16 model test loss after epoch 8: 6.096309975685972, test accuracy: 0.6707134215403624
INFO: Client 17 model test loss after epoch 8: 4.8258283729456934, test accuracy: 0.7207320840197694
INFO: Client 18 model test loss after epoch 8: 252.14776751066273, test accuracy: 0.75901590815486
INFO: Client 19 model test loss after epoch 8: 285.91499824917616, test accuracy: 0.6796231466227347
INFO: Client 20 model test loss after epoch 8: 74.34021957175769, test accuracy: 0.6400200782537068
INFO: Client 21 model test loss after epoch 8: 78.15560989938187, test accuracy: 0.8028212520593081
INFO: Client 22 model test loss after epoch 8: 14.535052946723907, test accuracy: 0.7271867277594728
INFO: Client 23 model test loss after epoch 8: 69.29535978753803, test accuracy: 0.7405818832372323
INFO: Client 24 model test loss after epoch 8: 38.998418085800395, test accuracy: 0.8984889827018122
INFO: Client 25 model test loss after epoch 8: 49.245598382767064, test accuracy: 0.7343814353377265
INFO: Client 26 model test loss after epoch 8: 86.84407350412526, test accuracy: 0.7417563323723229
INFO: Client 27 model test loss after epoch 8: 134.31121940208263, test accuracy: 0.7559719934102141
INFO: Client 28 model test loss after epoch 8: 149.29726206112377, test accuracy: 0.7094026719522241
INFO: Client 29 model test loss after epoch 8: 228.99359640694266, test accuracy: 0.8998886686573312
INFO: Client 30 model test loss after epoch 8: 43.62416525302915, test accuracy: 0.7765135914332785
INFO: Client 31 model test loss after epoch 8: 86.36015187215683, test accuracy: 0.7203749227759473
INFO: Client 32 model test loss after epoch 8: 238.46663955122548, test accuracy: 0.6748931733937397
INFO: Client 33 model test loss after epoch 8: 30.96783763032493, test accuracy: 0.6118365166803954
INFO: Client 34 model test loss after epoch 8: 551.9630240800598, test accuracy: 0.6174674371911038
INFO: Client 35 model test loss after epoch 8: 6.048232877790327, test accuracy: 0.7234317081960461
INFO: Client 36 model test loss after epoch 8: 84.11892933920112, test accuracy: 0.6319469470757826
INFO: Client 37 model test loss after epoch 8: 68.30916356709072, test accuracy: 0.7206934719934102
INFO: Client 38 model test loss after epoch 8: 71.8120178068918, test accuracy: 0.8004948774711697
INFO: Client 39 model test loss after epoch 8: 45.57443795031836, test accuracy: 0.6155014415156508
INFO: Client 40 model test loss after epoch 8: 39.48723870571701, test accuracy: 0.6682325988467874
INFO: Client 41 model test loss after epoch 8: 1990.6910085755676, test accuracy: 0.6214122992174629
INFO: Client 42 model test loss after epoch 8: 31.407295445838358, test accuracy: 0.7270805446869851
INFO: Client 43 model test loss after epoch 8: 66.91935134050517, test accuracy: 0.7265399763179572
INFO: Client 44 model test loss after epoch 8: 120.61996452605891, test accuracy: 0.7405593595551895
INFO: Client 45 model test loss after epoch 8: 8.105727273434965, test accuracy: 0.7206516422981878
INFO: Client 46 model test loss after epoch 8: 1236.0365168222297, test accuracy: 0.6201091433278418
INFO: Client 47 model test loss after epoch 8: 119.273177025471, test accuracy: 0.6205917936573312
INFO: Client 48 model test loss after epoch 8: 64.30093683256598, test accuracy: 0.7392175916392092
INFO: Client 49 model test loss after epoch 8: 1342.206919216468, test accuracy: 0.6207655477759473
INFO: Client 50 model test loss after epoch 8: 160.29377075700864, test accuracy: 0.7173664023887973
INFO: Client 51 model test loss after epoch 8: 701.0880683640153, test accuracy: 0.6256821457990115
INFO: Client 52 model test loss after epoch 8: 9.784629773905426, test accuracy: 0.7275889363673805
INFO: Client 53 model test loss after epoch 8: 2496.2674879364627, test accuracy: 0.6211838447281713
INFO: Client 54 model test loss after epoch 8: 1132.805435159018, test accuracy: 0.6229278212520593
INFO: Client 55 model test loss after epoch 8: 77.41000172509199, test accuracy: 0.7262149917627677
INFO: Client 56 model test loss after epoch 8: 244.48485924366534, test accuracy: 0.6226864960873146
INFO: Client 57 model test loss after epoch 8: 100.12941328994734, test accuracy: 0.6235520490115322
INFO: Client 58 model test loss after epoch 8: 251.68103392865365, test accuracy: 0.6906436624794069
INFO: Client 59 model test loss after epoch 8: 20.50245450575033, test accuracy: 0.721723126029654
INFO: Client 60 model test loss after epoch 8: 25.07761755982607, test accuracy: 0.6352064456342669
INFO: Client 61 model test loss after epoch 8: 196.1751183506511, test accuracy: 0.6227991144975288
INFO: Client 62 model test loss after epoch 8: 169.82698388646722, test accuracy: 0.6212610687808896
INFO: Client 63 model test loss after epoch 8: 566.4974937602116, test accuracy: 0.6236646674217463
INFO: Client 64 model test loss after epoch 8: 1245.7443000395556, test accuracy: 0.6211291443574959
INFO: Client 65 model test loss after epoch 8: 302.56791467805897, test accuracy: 0.6381795716639209
INFO: Client 66 model test loss after epoch 8: 10.005114399636787, test accuracy: 0.7278302615321252
INFO: Client 67 model test loss after epoch 8: 355.45880930823785, test accuracy: 0.6209907845963756
INFO: Client 68 model test loss after epoch 8: 13.49607476361509, test accuracy: 0.7278495675453048
INFO: Client 69 model test loss after epoch 8: 978.7256995344617, test accuracy: 0.7276018070428336
INFO: Client 70 model test loss after epoch 8: 14.217356328270707, test accuracy: 0.702301276771005
INFO: Client 71 model test loss after epoch 8: 1824.6388097012843, test accuracy: 0.7982103325782537
INFO: Client 72 model test loss after epoch 8: 159.49296528535294, test accuracy: 0.6174256074958814
INFO: Client 73 model test loss after epoch 8: 1316.9637978342587, test accuracy: 0.7972482495881383
INFO: Client 74 model test loss after epoch 8: 822.8573777180269, test accuracy: 0.7982650329489291
INFO: Client 75 model test loss after epoch 8: 630.6525664116481, test accuracy: 0.738747811985173
INFO: Client 76 model test loss after epoch 8: 25.35239456667014, test accuracy: 0.5865295510708401
INFO: Client 77 model test loss after epoch 8: 146.20438660266433, test accuracy: 0.9062660883443163
INFO: Client 78 model test loss after epoch 8: 36.326627827080706, test accuracy: 0.7282485584843492
INFO: Client 79 model test loss after epoch 8: 380.8226120379865, test accuracy: 0.7441856723640856
INFO: Client 80 model test loss after epoch 8: 1234.928964368836, test accuracy: 0.8002149402800659
INFO: Client 81 model test loss after epoch 8: 51.72174863620149, test accuracy: 0.7125656404448105
INFO: Client 82 model test loss after epoch 8: 4045.1029176345014, test accuracy: 0.7988828253706755
INFO: Client 83 model test loss after epoch 8: 2503.3174190414984, test accuracy: 0.5533811264415156
INFO: Client 84 model test loss after epoch 8: 133.32118487481296, test accuracy: 0.8197429726112027
INFO: Client 85 model test loss after epoch 8: 198.7446555104431, test accuracy: 0.7188400947281713
INFO: Client 86 model test loss after epoch 8: 64.55965285105763, test accuracy: 0.8376589528418451
INFO: Client 87 model test loss after epoch 8: 13.085659754318959, test accuracy: 0.8176965352141681
INFO: Client 88 model test loss after epoch 8: 421.708130812657, test accuracy: 0.62064005869028
INFO: Client 89 model test loss after epoch 8: 167.98134210584203, test accuracy: 0.6213157691515651
INFO: Client 90 model test loss after epoch 8: 673.6800890109727, test accuracy: 0.4359426482701812
INFO: Client 91 model test loss after epoch 8: 9.783097708137822, test accuracy: 0.7273926585667215
INFO: Client 92 model test loss after epoch 8: 368.6558133871808, test accuracy: 0.660548805601318
INFO: Client 93 model test loss after epoch 8: 2956.777991186527, test accuracy: 0.19442120572487645
INFO: Client 94 model test loss after epoch 8: 69.36061105076105, test accuracy: 0.7266815537479407
INFO: Client 95 model test loss after epoch 8: 240.44961866122384, test accuracy: 0.7433008134266886
INFO: Client 96 model test loss after epoch 8: 157.27408400136818, test accuracy: 0.8207018379324547
INFO: Client 97 model test loss after epoch 8: 5.347270540810973, test accuracy: 0.7239883649093904
INFO: Client 98 model test loss after epoch 8: 499.03417914114516, test accuracy: 0.499594573723229
INFO: Client 99 model test loss after epoch 8: 368.69086257854144, test accuracy: 0.892529859967051
INFO: Global model checkpoint for epoch 8 saved!
INFO: Starting training for client 0 in epoch 9
INFO: Client 0 Validation loss: 0.029834268198514095, Validation accuracy: 0.975234375
INFO: Starting training for client 1 in epoch 9
INFO: Client 1 Validation loss: 201.34638883850792, Validation accuracy: 0.9266690340909091
INFO: Starting training for client 2 in epoch 9
INFO: Client 2 Validation loss: 6.9823803115113e-05, Validation accuracy: 0.9956627155172414
INFO: Starting training for client 3 in epoch 9
INFO: Client 3 Validation loss: 0.0052564432844519615, Validation accuracy: 0.677734375
INFO: Starting training for client 4 in epoch 9
INFO: Client 4 Validation loss: 0.0012127883139548526, Validation accuracy: 0.9698275862068966
INFO: Starting training for client 5 in epoch 9
INFO: Client 5 Validation loss: 0.7863211557269096, Validation accuracy: 0.06640625
INFO: Starting training for client 6 in epoch 9
INFO: Client 6 Validation loss: 0.024647929156117243, Validation accuracy: 0.6298828125
INFO: Starting training for client 7 in epoch 9
INFO: Client 7 Validation loss: 0.002513546171788524, Validation accuracy: 0.9498697916666666
INFO: Starting training for client 8 in epoch 9
INFO: Client 8 Validation loss: 0.0, Validation accuracy: 0.9013671875
INFO: Starting training for client 9 in epoch 9
INFO: Client 9 Validation loss: 0.11564786435337737, Validation accuracy: 0.734375
INFO: Starting training for client 10 in epoch 9
INFO: Client 10 Validation loss: 0.03793071210384369, Validation accuracy: 0.939453125
INFO: Starting training for client 11 in epoch 9
INFO: Client 11 Validation loss: 0.003175900703708451, Validation accuracy: 0.9872295673076923
INFO: Starting training for client 12 in epoch 9
INFO: Client 12 Validation loss: 0.005373210863807524, Validation accuracy: 0.9992897727272727
INFO: Starting training for client 13 in epoch 9
INFO: Client 13 Validation loss: 1.1095327530056238, Validation accuracy: 0.921875
INFO: Starting training for client 14 in epoch 9
INFO: Client 14 Validation loss: 0.0, Validation accuracy: 0.7337239583333334
INFO: Starting training for client 15 in epoch 9
INFO: Client 15 Validation loss: 0.5511426976614033, Validation accuracy: 0.9751420454545454
INFO: Starting training for client 16 in epoch 9
INFO: Client 16 Validation loss: 0.560935317305848, Validation accuracy: 0.603515625
INFO: Starting training for client 17 in epoch 9
INFO: Client 17 Validation loss: 0.0013508162192010786, Validation accuracy: 0.421875
INFO: Starting training for client 18 in epoch 9
INFO: Client 18 Validation loss: 0.0, Validation accuracy: 0.880859375
INFO: Starting training for client 19 in epoch 9
INFO: Client 19 Validation loss: 0.0, Validation accuracy: 0.9850852272727273
INFO: Starting training for client 20 in epoch 9
INFO: Client 20 Validation loss: 0.05617839990736684, Validation accuracy: 0.9176432291666666
INFO: Starting training for client 21 in epoch 9
INFO: Client 21 Validation loss: 1.2682503043897668, Validation accuracy: 0.9542236328125
INFO: Starting training for client 22 in epoch 9
INFO: Client 22 Validation loss: 2.3283062977608182e-10, Validation accuracy: 0.685546875
INFO: Starting training for client 23 in epoch 9
INFO: Client 23 Validation loss: 0.0, Validation accuracy: 0.999609375
INFO: Starting training for client 24 in epoch 9
INFO: Client 24 Validation loss: 0.6800644285976887, Validation accuracy: 0.80419921875
INFO: Starting training for client 25 in epoch 9
INFO: Client 25 Validation loss: 0.04293011873960495, Validation accuracy: 0.971875
INFO: Starting training for client 26 in epoch 9
INFO: Client 26 Validation loss: 4.813255496132991e-07, Validation accuracy: 0.9935661764705882
INFO: Starting training for client 27 in epoch 9
INFO: Client 27 Validation loss: 0.0, Validation accuracy: 0.9621930803571429
INFO: Starting training for client 28 in epoch 9
INFO: Client 28 Validation loss: 0.0, Validation accuracy: 0.9905598958333334
INFO: Starting training for client 29 in epoch 9
INFO: Client 29 Validation loss: 0.004265808877735484, Validation accuracy: 0.9876019021739131
INFO: Starting training for client 30 in epoch 9
INFO: Client 30 Validation loss: 0.013207138830990768, Validation accuracy: 0.9890252976190477
INFO: Starting training for client 31 in epoch 9
INFO: Client 31 Validation loss: 1.800255873077511, Validation accuracy: 0.9942351310483871
INFO: Starting training for client 32 in epoch 9
INFO: Client 32 Validation loss: 0.2847584594379772, Validation accuracy: 0.9105113636363636
INFO: Starting training for client 33 in epoch 9
INFO: Client 33 Validation loss: 0.001857498805250657, Validation accuracy: 0.830078125
INFO: Starting training for client 34 in epoch 9
INFO: Client 34 Validation loss: 4.853934872699195e-07, Validation accuracy: 0.96123046875
INFO: Starting training for client 35 in epoch 9
INFO: Client 35 Validation loss: 0.007081175608618651, Validation accuracy: 0.16015625
INFO: Starting training for client 36 in epoch 9
INFO: Client 36 Validation loss: 39.443540093207275, Validation accuracy: 0.9402901785714286
INFO: Starting training for client 37 in epoch 9
INFO: Client 37 Validation loss: 17.14328566308306, Validation accuracy: 0.9934430803571429
INFO: Starting training for client 38 in epoch 9
INFO: Client 38 Validation loss: 5.9345550542592006e-05, Validation accuracy: 0.9260602678571429
INFO: Starting training for client 39 in epoch 9
INFO: Client 39 Validation loss: 20.687052992322556, Validation accuracy: 0.944921875
INFO: Starting training for client 40 in epoch 9
INFO: Client 40 Validation loss: 0.8038026721042115, Validation accuracy: 0.93359375
INFO: Starting training for client 41 in epoch 9
INFO: Client 41 Validation loss: 0.6977101239291105, Validation accuracy: 0.9969815340909091
INFO: Starting training for client 42 in epoch 9
INFO: Client 42 Validation loss: 0.0, Validation accuracy: 0.9362980769230769
INFO: Starting training for client 43 in epoch 9
INFO: Client 43 Validation loss: 0.0, Validation accuracy: 0.9696800595238095
INFO: Starting training for client 44 in epoch 9
INFO: Client 44 Validation loss: 0.00012939398217460383, Validation accuracy: 0.9962805706521739
INFO: Starting training for client 45 in epoch 9
INFO: Client 45 Validation loss: 0.010365644156991038, Validation accuracy: 0.35546875
INFO: Starting training for client 46 in epoch 9
INFO: Client 46 Validation loss: 0.0, Validation accuracy: 0.8797433035714286
INFO: Starting training for client 47 in epoch 9
INFO: Client 47 Validation loss: 0.0, Validation accuracy: 0.9691611842105263
INFO: Starting training for client 48 in epoch 9
INFO: Client 48 Validation loss: 1.965689932254782e-08, Validation accuracy: 0.8716517857142857
INFO: Starting training for client 49 in epoch 9
INFO: Client 49 Validation loss: 0.0013235558050534262, Validation accuracy: 0.861328125
INFO: Starting training for client 50 in epoch 9
INFO: Client 50 Validation loss: 92.99988664899554, Validation accuracy: 0.9981166294642857
INFO: Starting training for client 51 in epoch 9
INFO: Client 51 Validation loss: 5.5331127155545865e-09, Validation accuracy: 0.9425551470588235
INFO: Starting training for client 52 in epoch 9
INFO: Client 52 Validation loss: 0.0, Validation accuracy: 0.9675958806818182
INFO: Starting training for client 53 in epoch 9
INFO: Client 53 Validation loss: 0.06599252753787571, Validation accuracy: 0.9210069444444444
INFO: Starting training for client 54 in epoch 9
INFO: Client 54 Validation loss: 0.12548072202480398, Validation accuracy: 0.92626953125
INFO: Starting training for client 55 in epoch 9
INFO: Client 55 Validation loss: 0.0, Validation accuracy: 0.9907614087301587
INFO: Starting training for client 56 in epoch 9
INFO: Client 56 Validation loss: 0.038671699055995955, Validation accuracy: 0.9870645491803278
INFO: Starting training for client 57 in epoch 9
INFO: Client 57 Validation loss: 136.95108919682767, Validation accuracy: 0.9169921875
INFO: Starting training for client 58 in epoch 9
INFO: Client 58 Validation loss: 8.077789684312031e-11, Validation accuracy: 0.9999202806122449
INFO: Starting training for client 59 in epoch 9
INFO: Client 59 Validation loss: 0.0, Validation accuracy: 0.9809857536764706
INFO: Starting training for client 60 in epoch 9
INFO: Client 60 Validation loss: 0.0, Validation accuracy: 0.994140625
INFO: Starting training for client 61 in epoch 9
INFO: Client 61 Validation loss: 0.009560588436822096, Validation accuracy: 0.912109375
INFO: Starting training for client 62 in epoch 9
INFO: Client 62 Validation loss: 80.21650750935078, Validation accuracy: 0.973828125
INFO: Starting training for client 63 in epoch 9
INFO: Client 63 Validation loss: 0.007060433178693219, Validation accuracy: 0.9768229166666667
INFO: Starting training for client 64 in epoch 9
INFO: Client 64 Validation loss: 1.234686639573839, Validation accuracy: 0.9320746527777778
INFO: Starting training for client 65 in epoch 9
INFO: Client 65 Validation loss: 1.4030303325059267e-06, Validation accuracy: 0.9524739583333334
INFO: Starting training for client 66 in epoch 9
INFO: Client 66 Validation loss: 0.0, Validation accuracy: 0.906640625
INFO: Starting training for client 67 in epoch 9
INFO: Client 67 Validation loss: 57.972406799796346, Validation accuracy: 0.9421875
INFO: Starting training for client 68 in epoch 9
INFO: Client 68 Validation loss: 1.7858049261576525e-07, Validation accuracy: 0.03125
INFO: Starting training for client 69 in epoch 9
INFO: Client 69 Validation loss: 0.004580921300916798, Validation accuracy: 0.9546274038461539
INFO: Starting training for client 70 in epoch 9
INFO: Client 70 Validation loss: 0.028879402321763337, Validation accuracy: 0.5927734375
INFO: Starting training for client 71 in epoch 9
INFO: Client 71 Validation loss: 0.1056015209314836, Validation accuracy: 0.887109375
INFO: Starting training for client 72 in epoch 9
INFO: Client 72 Validation loss: 0.043679516281372344, Validation accuracy: 0.9716796875
INFO: Starting training for client 73 in epoch 9
INFO: Client 73 Validation loss: 3.459512948989868, Validation accuracy: 0.805078125
INFO: Starting training for client 74 in epoch 9
INFO: Client 74 Validation loss: 0.4988297901804725, Validation accuracy: 0.9273003472222222
INFO: Starting training for client 75 in epoch 9
INFO: Client 75 Validation loss: 0.0, Validation accuracy: 0.9691280241935484
INFO: Starting training for client 76 in epoch 9
INFO: Client 76 Validation loss: 130.88407257239436, Validation accuracy: 0.9397786458333334
INFO: Starting training for client 77 in epoch 9
INFO: Client 77 Validation loss: 0.0017505593043872008, Validation accuracy: 0.9923605617088608
INFO: Starting training for client 78 in epoch 9
INFO: Client 78 Validation loss: 0.011836843659693841, Validation accuracy: 0.3203125
INFO: Starting training for client 79 in epoch 9
INFO: Client 79 Validation loss: 1.225424367242536e-11, Validation accuracy: 0.9672080592105263
INFO: Starting training for client 80 in epoch 9
INFO: Client 80 Validation loss: 0.0, Validation accuracy: 0.9205078125
INFO: Starting training for client 81 in epoch 9
INFO: Client 81 Validation loss: 0.05605319983978437, Validation accuracy: 0.9821134868421053
INFO: Starting training for client 82 in epoch 9
INFO: Client 82 Validation loss: 3.632028187332865e-08, Validation accuracy: 0.9391741071428571
INFO: Starting training for client 83 in epoch 9
INFO: Client 83 Validation loss: 0.008273921486110159, Validation accuracy: 0.993132560483871
INFO: Starting training for client 84 in epoch 9
INFO: Client 84 Validation loss: 0.005542297019672608, Validation accuracy: 0.9500868055555556
INFO: Starting training for client 85 in epoch 9
INFO: Client 85 Validation loss: 0.011267833630199675, Validation accuracy: 0.906005859375
INFO: Starting training for client 86 in epoch 9
INFO: Client 86 Validation loss: 0.0, Validation accuracy: 0.51953125
INFO: Starting training for client 87 in epoch 9
INFO: Client 87 Validation loss: 0.05172595358171389, Validation accuracy: 0.9987649356617647
INFO: Starting training for client 88 in epoch 9
INFO: Client 88 Validation loss: 0.0, Validation accuracy: 0.9993489583333334
INFO: Starting training for client 89 in epoch 9
INFO: Client 89 Validation loss: 0.12399758203952972, Validation accuracy: 0.9274553571428571
INFO: Starting training for client 90 in epoch 9
INFO: Client 90 Validation loss: 0.03657793147431221, Validation accuracy: 0.9926060267857143
INFO: Starting training for client 91 in epoch 9
INFO: Client 91 Validation loss: 1.8626449558092895e-09, Validation accuracy: 0.419921875
INFO: Starting training for client 92 in epoch 9
INFO: Client 92 Validation loss: 0.012989803993230598, Validation accuracy: 0.9823404947916666
INFO: Starting training for client 93 in epoch 9
INFO: Client 93 Validation loss: 0.0, Validation accuracy: 0.9302455357142857
INFO: Starting training for client 94 in epoch 9
INFO: Client 94 Validation loss: 0.0, Validation accuracy: 0.9892578125
INFO: Starting training for client 95 in epoch 9
INFO: Client 95 Validation loss: 0.00040849595036447373, Validation accuracy: 0.991859243697479
INFO: Starting training for client 96 in epoch 9
INFO: Client 96 Validation loss: 0.001301290849928687, Validation accuracy: 0.9964488636363636
INFO: Starting training for client 97 in epoch 9
INFO: Client 97 Validation loss: 0.03259592558606528, Validation accuracy: 0.89453125
INFO: Starting training for client 98 in epoch 9
INFO: Client 98 Validation loss: 6905.783735149935, Validation accuracy: 0.9450120192307693
INFO: Starting training for client 99 in epoch 9
INFO: Client 99 Validation loss: 0.0007254728432599222, Validation accuracy: 0.9890625
INFO: Global model test loss after epoch 9: 7.411421585642368, test accuracy: 0.7278978325782537
INFO: Client 0 model test loss after epoch 9: 273.35386280098703, test accuracy: 0.9026462108731467
INFO: Client 1 model test loss after epoch 9: 444.39176643798515, test accuracy: 0.6234297775947282
INFO: Client 2 model test loss after epoch 9: 657.4038068526887, test accuracy: 0.9016069038303131
INFO: Client 3 model test loss after epoch 9: 65.52738728167215, test accuracy: 0.5819862026359144
INFO: Client 4 model test loss after epoch 9: 801.6415925655302, test accuracy: 0.8398501853377265
INFO: Client 5 model test loss after epoch 9: 4.7947016049020466, test accuracy: 0.8576149351317958
INFO: Client 6 model test loss after epoch 9: 15.743795520283747, test accuracy: 0.7252239497528831
INFO: Client 7 model test loss after epoch 9: 212.05419715279422, test accuracy: 0.7219033154859967
INFO: Client 8 model test loss after epoch 9: 41.461683960627624, test accuracy: 0.7266204180395387
INFO: Client 9 model test loss after epoch 9: 7.131881659952138, test accuracy: 0.7046051276771005
INFO: Client 10 model test loss after epoch 9: 80.62747634886132, test accuracy: 0.5409834483113674
INFO: Client 11 model test loss after epoch 9: 18.756846121898512, test accuracy: 0.9149055292421746
INFO: Client 12 model test loss after epoch 9: 110.79409374846001, test accuracy: 0.9070158051894563
INFO: Client 13 model test loss after epoch 9: 7.316862463344236, test accuracy: 0.8823201966639209
INFO: Client 14 model test loss after epoch 9: 87.76912870019001, test accuracy: 0.9030773785008237
INFO: Client 15 model test loss after epoch 9: 90.34175415004734, test accuracy: 0.6265541340609555
INFO: Client 16 model test loss after epoch 9: 7.120825807056855, test accuracy: 0.877506564044481
INFO: Client 17 model test loss after epoch 9: 3.801336530457559, test accuracy: 0.9005225494233937
INFO: Client 18 model test loss after epoch 9: 350.9581587420574, test accuracy: 0.788669944398682
INFO: Client 19 model test loss after epoch 9: 620.678747756164, test accuracy: 0.6962938890032949
INFO: Client 20 model test loss after epoch 9: 49.86720894654961, test accuracy: 0.8874105488056013
INFO: Client 21 model test loss after epoch 9: 41.40972091464843, test accuracy: 0.9068323980642504
INFO: Client 22 model test loss after epoch 9: 33.03797225848617, test accuracy: 0.7399351317957167
INFO: Client 23 model test loss after epoch 9: 394.96938183995536, test accuracy: 0.7373706497116969
INFO: Client 24 model test loss after epoch 9: 163.1323765394974, test accuracy: 0.9044545407742999
INFO: Client 25 model test loss after epoch 9: 64.32079440344529, test accuracy: 0.7383488210461285
INFO: Client 26 model test loss after epoch 9: 128.65169298152284, test accuracy: 0.736463267092257
INFO: Client 27 model test loss after epoch 9: 121.73591576010993, test accuracy: 0.7371840249176277
INFO: Client 28 model test loss after epoch 9: 164.2846640527845, test accuracy: 0.7266525947281713
INFO: Client 29 model test loss after epoch 9: 485.75559012636506, test accuracy: 0.9039911964579901
INFO: Client 30 model test loss after epoch 9: 49.53447870407388, test accuracy: 0.9013012252883031
INFO: Client 31 model test loss after epoch 9: 21.69662306073995, test accuracy: 0.4709476678336079
INFO: Client 32 model test loss after epoch 9: 306.4531311142088, test accuracy: 0.9020316361202636
INFO: Client 33 model test loss after epoch 9: 23.18912162675832, test accuracy: 0.7959997940691927
INFO: Client 34 model test loss after epoch 9: 610.4326897615601, test accuracy: 0.6174223898270181
INFO: Client 35 model test loss after epoch 9: 3.474425459618531, test accuracy: 0.9021120778418451
INFO: Client 36 model test loss after epoch 9: 90.52633806348068, test accuracy: 0.6594000978171335
INFO: Client 37 model test loss after epoch 9: 81.65027380720528, test accuracy: 0.828948723228995
INFO: Client 38 model test loss after epoch 9: 82.83727741075015, test accuracy: 0.8721781044069192
INFO: Client 39 model test loss after epoch 9: 31.020468504785505, test accuracy: 0.6222585461285008
INFO: Client 40 model test loss after epoch 9: 41.93369432087187, test accuracy: 0.6962037942751236
INFO: Client 41 model test loss after epoch 9: 2859.297295711431, test accuracy: 0.6230629633443163
INFO: Client 42 model test loss after epoch 9: 53.913088591926986, test accuracy: 0.7391017555601318
INFO: Client 43 model test loss after epoch 9: 25.32737114166734, test accuracy: 0.7240655889621087
INFO: Client 44 model test loss after epoch 9: 45.121753127651516, test accuracy: 0.7251016783360791
INFO: Client 45 model test loss after epoch 9: 13.961242731807202, test accuracy: 0.7273025638385503
INFO: Client 46 model test loss after epoch 9: 1486.3453934387944, test accuracy: 0.1991769203047776
INFO: Client 47 model test loss after epoch 9: 614.8290739820869, test accuracy: 0.7961864188632619
INFO: Client 48 model test loss after epoch 9: 65.84314551470369, test accuracy: 0.7261956857495881
